CHR	BP	SNP	other_allele	effect_allele	P	beta	se	OR	OR_lower	OR_upper	F	TOTAL	NSIG	S05	S01	S001	S0001	SP2
1	2709164	rs4648356	C	A	3.104e-14	-0.149428513491929	0.0196774207967449	0.8612	0.828617807704621	0.895063361062092	1	1	0	0	0	0	1	rs3890745(1)
1	92935411	rs6662618	G	T	2.7230000000000003e-10	0.147126064890294	0.023302372288616	1.1585	1.10677835814762	1.21263868246056	1	0	0	0	0	0	0	NONE
1	92944994	rs4970702	G	A	1.465e-08	0.108944086989179	0.0192290032167503	1.1151	1.07385528244886	1.15792884788386	1	0	0	0	0	0	0	NONE
1	93210876	rs12746893	T	C	4.1829999999999994e-12	0.141239111692725	0.0203783053760423	1.1517	1.10660595537626	1.19863162090882	1	9	0	0	0	0	9	"rs7513775(1)	rs6603986(1)	rs10747446(1)	rs4294424(1)	rs11810217(1)	rs6604014(1)	rs1337107(1)	rs12738964(1)	rs6604026(1)"
1	101240893	rs7552544	T	C	5.267000000000001e-10	-0.111490376033363	0.0179506567346093	0.8945	0.863575747955253	0.926531635348171	1	4	0	0	1	2	1	"rs1028819(1)	rs10875335(1)	rs7544183(1)	rs10218565(1)"
1	101322866	rs7541397	A	G	1.535e-09	0.121420855204339	0.02010064629434	1.1291	1.08548141437055	1.17447133881999	1	0	0	0	0	0	0	NONE
1	101350306	rs11809572	C	T	3.9710000000000005e-09	0.170501979988612	0.0289703454963599	1.1859	1.12043847341728	1.2551861109434	1	8	0	0	1	2	5	"rs12746227(1)	rs11588568(1)	rs7542831(1)	rs11588410(1)	rs6693186(1)	rs4409674(1)	rs12727236(1)	rs12746449(1)"
1	117100957	rs1335532	A	G	2.006e-09	-0.163342798196173	0.0272359631743364	0.8493	0.80515112519812	0.89586969132349	1	1	0	0	0	0	1	rs10924103(1)
3	27788780	rs11129295	C	T	1.14e-08	0.109213084973316	0.0191317799098407	1.1154	1.07434889213991	1.15801967973546	1	1	0	0	0	0	1	rs12493245(1)
3	28071444	rs669607	A	C	2.932e-11	0.120712075162263	0.0181523383731804	1.1283	1.08886241136449	1.16916598159053	1	0	0	0	0	0	0	NONE
3	101748638	rs771767	G	A	1.004e-08	0.112524790841844	0.019637656997705	1.1191	1.07684447622366	1.1630136362791599	1	1	0	0	0	1	0	rs9848014(1)
3	101755738	rs1398607	A	C	1.0170000000000001e-08	0.11618175428941	0.0202835910882798	1.1232	1.07942221919625	1.16875326222151	1	1	0	0	0	0	1	rs10804863(1)
3	119219934	rs2293370	G	A	1.078e-09	-0.150009267326708	0.0246021243474581	0.8607	0.820181656412814	0.903220017428844	1	5	0	0	1	0	4	"rs13078855(1)	rs9831023(1)	rs1132200(1)	rs7650774(1)	rs6804441(1)"
3	121660664	rs4285028	A	C	3.705e-08	-0.112944759016134	0.0205191238081138	0.8932	0.857990508697027	0.929854388729282	1	3	0	0	1	1	1	"rs3732410(1)	rs1920298(1)	rs1523519(1)"
3	121770858	rs2715267	T	G	4.173e-09	0.107508207715285	0.0182924639781977	1.1135	1.07428462862556	1.15414687780305	1	1	0	0	0	0	1	rs2255214(1)
5	40392728	rs4613763	T	C	6.864e-14	0.193673545130179	0.0258560767897704	1.2137	1.15372476521057	1.27679298773754	1	0	0	0	0	0	0	NONE
6	28447915	rs1029328	T	C	2.4260000000000004e-16	0.209206885575337	0.0255164629726892	1.2327	1.17256612712505	1.29591777798127	1	0	0	0	0	0	0	NONE
6	28484869	rs11757000	T	C	3.77e-18	0.205793912979097	0.0236938968659995	1.2285	1.17275288132751	1.28689707271632	1	0	0	0	0	0	0	NONE
6	28502550	rs451774	A	G	9.131e-12	0.125839384839148	0.0184526716158205	1.1341	1.09381561579268	1.17586802695984	1	3	0	0	0	0	3	"rs2531815(1)	rs1015811(1)	rs2859355(1)"
6	29540745	rs362510	C	T	4.0880000000000005e-11	-0.141909246182693	0.0214986238756836	0.8677	0.831897078965691	0.905043795725422	1	3	0	0	0	0	3	"rs1233400(1)	rs1233399(1)	rs1233384(1)"
6	29634012	rs3130253	G	A	7.857999999999999e-40	0.383832807981051	0.0290599724114281	1.4679	1.38662850120199	1.5539348918129	1	1	0	0	0	0	1	rs3130252(1)
6	29635928	rs2071653	C	T	1.4079999999999998e-39	0.262979459811409	0.0199766842811169	1.3008	1.25085229956657	1.3527421587555302	1	2	0	0	0	0	2	"rs3131863(1)	rs1610594(1)"
6	29683944	rs2517912	C	T	4.0439999999999993e-32	-0.199915425195003	0.0169462709813059	0.8188	0.79205050812314	0.84645288794609	1	1	0	0	0	0	1	rs2523404(1)
6	29700079	rs2523399	T	C	2.462e-28	0.18523397824099	0.0167790888395879	1.2035	1.16456422834002	1.24373754126432	1	0	0	0	0	0	0	NONE
6	29710726	rs4713240	A	G	7.39e-26	-0.209857206988476	0.0199584208889824	0.8107	0.779598908106921	0.843041829799307	1	0	0	0	0	0	0	NONE
6	29734098	rs2735046	G	A	1.067e-50	-0.260326342441926	0.017383869445605	0.7708	0.744979389150324	0.797515540232099	1	4	0	0	0	0	4	"rs2523395(1)	rs2394160(1)	rs1611185(1)	rs2523946(1)"
6	29833541	rs3094165	G	A	5.136e-27	0.193096629961913	0.017940462093034	1.213	1.1710881089377099	1.25641186924413	1	0	0	0	0	0	0	NONE
6	29840648	rs3132714	C	T	3.676e-38	0.225061710470114	0.017425580581034	1.2524	1.21034757754838	1.2959134955077	1	1	0	0	0	0	1	rs3132718(1)
6	29928649	rs2428521	T	G	4.418e-48	-0.244750305068269	0.0167992970964537	0.7829	0.757541522910644	0.809107344565057	1	1	0	0	0	0	1	rs2517689(1)
6	29933261	rs6457109	T	C	1.102e-10	-0.189225333110749	0.0293270206862519	0.8276	0.781370153204009	0.876565040514381	1	0	0	0	0	0	0	NONE
6	29940488	rs5009448	C	T	1.853e-31	0.215433908244157	0.018463335205026	1.2404	1.19631472779688	1.2861098540795	1	1	0	0	0	0	1	rs2256919(1)
6	29943490	rs2735076	G	A	2.1519999999999997e-26	0.210422986904829	0.0197944662261144	1.2342	1.1872335266104	1.28302444789353	1	0	0	0	0	0	0	NONE
6	29955199	rs5025708	T	G	1.2840000000000001e-42	0.339681367562161	0.0248251797211172	1.4045	1.33779671116535	1.47452915195288	1	3	0	0	0	0	3	"rs932338(1)	rs1633068(1)	rs3094169(1)"
6	30074028	rs9261407	C	T	1.065e-14	0.174793290373163	0.022608686559701	1.191	1.13937545377368	1.24496362924258	1	0	0	0	0	0	0	NONE
6	30075864	rs2023472	G	A	2.493e-14	0.131028262406404	0.0171902439550746	1.14	1.10222998221792	1.17906427965689	1	0	0	0	0	0	0	NONE
6	30105743	rs2107202	C	T	6.532000000000001e-22	0.186064543072789	0.0193398167162262	1.2045	1.15969669640033	1.2510342182601	1	2	0	0	0	0	2	"rs2517646(1)	rs3130361(1)"
6	30115204	rs757260	C	T	1.064e-11	-0.204567165741274	0.0300941702188096	0.815	0.768317869128215	0.864518484717366	1	0	0	0	0	0	0	NONE
6	30121460	rs2022065	C	T	2.0259999999999999e-22	-0.180443321782182	0.0185251001155079	0.8349	0.805129199628702	0.865771618171915	1	0	0	0	0	0	0	NONE
6	30205407	rs2844779	G	T	4.881e-32	-0.221020805933231	0.0187605119163537	0.8017	0.7727564051045	0.83172767738248	1	1	0	0	0	0	1	rs2844786(1)
6	30209802	rs1362089	T	G	1.889e-18	-0.149660774554406	0.0170772988580083	0.861	0.832658004187811	0.890306700075617	1	1	0	0	0	0	1	rs3129690(1)
6	30210807	rs9261588	G	T	9.74e-43	0.342312293102896	0.024980808561962	1.4082	1.34091190458717	1.47886466904813	1	5	0	0	0	0	5	"rs9261387(1)	rs3132679(1)	rs3132676(1)	rs3094138(1)	rs3094065(1)"
6	30339602	rs2844746	C	T	9.505e-12	0.119825393068349	0.0175856777657567	1.1273	1.08910631412779	1.16683309380841	1	0	0	0	0	0	0	NONE
6	30368635	rs1034323	C	T	2.712e-22	-0.166645077408947	0.0171607979676314	0.8465	0.818501342951247	0.875456413322808	1	3	0	0	0	0	3	"rs1362117(1)	rs7741364(1)	rs7747873(1)"
6	30419831	rs1076832	C	A	3.763e-12	-0.161695739000298	0.0232796150801286	0.8507	0.812756449392526	0.890414946003694	1	3	0	0	0	0	3	"rs10947072(1)	rs2074502(1)	rs6930977(1)"
6	30430520	rs2516675	C	T	1.249e-20	0.177811401316069	0.0190939145851358	1.1946	1.15071941924119	1.24015388646264	1	0	0	0	0	0	0	NONE
6	30433611	rs2524172	G	A	1.35e-24	0.240511845475302	0.0234937620334543	1.2719	1.21465984166834	1.33183756843236	1	1	0	0	0	0	1	rs1264547(1)
6	30438226	rs9295895	T	C	9.826e-10	-0.125223144754078	0.0204873719044532	0.8823	0.847572927157016	0.918449923372539	1	8	0	0	0	1	7	"rs984802(1)	rs9404964(1)	rs9261743(1)	rs9261761(1)	rs9261858(1)	rs9261947(1)	rs1079541(1)	rs9295871(1)"
6	30512505	rs12192673	T	G	1.79e-09	-0.239654103441199	0.0398374425206184	0.7869	0.727795271515111	0.850804662018395	1	0	0	0	0	0	0	NONE
6	30575603	rs1264420	G	A	5.576e-09	0.106160195828391	0.0182124152304645	1.112	1.07300579242171	1.15241129985813	1	0	0	0	0	0	0	NONE
6	30726748	rs3095341	C	T	2.473e-09	0.104540179273924	0.0175307979087288	1.1102	1.07270105205272	1.14900981745231	1	0	0	0	0	0	0	NONE
6	30769478	rs3129988	C	T	1.071e-46	0.449481993524939	0.0313235845755039	1.5675	1.47415916225351	1.66675099467818	1	0	0	0	0	0	0	NONE
6	30782105	rs2894046	T	C	3.2189999999999994e-10	-0.115972176252421	0.0184438625609087	0.8905	0.858883364417448	0.923280485864177	1	1	0	0	0	0	1	rs4711235(1)
6	30799072	rs3130647	G	A	6.472e-15	0.135841222911413	0.0174280746134144	1.1455	1.10703159748842	1.1853051466435	1	1	0	0	0	0	1	rs3095352(1)
6	30848253	rs7756521	T	C	1.857e-08	-0.122280634708833	0.0217394697453245	0.8849	0.847986981417852	0.923419848605137	1	3	0	0	0	0	3	"rs3873332(1)	rs3873334(1)	rs12697941(1)"
6	30897022	rs2517459	C	T	2.976e-39	0.259205434459232	0.019775095548433	1.2959	1.246632912908	1.3471141284747499	1	2	0	0	0	0	2	"rs3094123(1)	rs3130785(1)"
6	30900664	rs2844651	C	T	1.952e-27	0.183071275684501	0.0168698854775537	1.2009	1.1618415624796	1.24127149223526	1	8	1	0	0	0	7	"rs2844654(1)	rs1264333(1)	rs1264303(1)	rs1264302(1)	rs2074506(1)	rs753725(1)	rs2532934(1)"
6	30955681	rs1634731	A	G	1.79e-42	0.285930539412975	0.0209338540684684	1.331	1.27749379435832	1.38674724513229	1	0	0	0	0	0	0	NONE
6	30986527	rs9262495	T	C	1.531e-11	-0.174472441850556	0.0258671953267234	0.8399	0.798378770262547	0.883580621473713	1	2	0	0	0	0	2	"rs2252926(1)	rs6903912(1)"
6	30987176	rs4713411	C	A	8.240000000000001e-27	-0.183922838160929	0.0171576955401571	0.832	0.804485833788861	0.860455176370048	1	1	0	0	0	0	1	rs4713412(1)
6	30999997	rs10947121	T	C	3.4010000000000003e-17	-0.147688272899604	0.0175154221033881	0.8627	0.833585918748327	0.892830928715222	1	1	0	0	0	0	1	rs6457300(1)
6	31005726	rs2844670	A	G	2.0279999999999998e-86	0.431002891896003	0.021874873423073	1.5388	1.47421867854741	1.60621044520557	1	0	0	0	0	0	0	NONE
6	31018546	rs2523864	C	T	1.737e-11	-0.116084479020802	0.017257584088245	0.8904	0.860786008447439	0.9210328144505501	1	2	0	0	0	0	2	"rs2517549(1)	rs2517532(1)"
6	31070664	rs9263582	G	A	8.395e-17	-0.281169988836558	0.0337720097912079	0.7549	0.706548714027926	0.806560112113482	1	0	0	0	0	0	0	NONE
6	31087934	rs3095320	A	G	3.3329999999999997e-62	0.30586574288541	0.0183766981919997	1.3578	1.30976458430841	1.40759710721104	1	0	0	0	0	0	0	NONE
6	31091862	rs3094205	A	G	1.206e-24	-0.187655758384657	0.0183111405487473	0.8289	0.799678430609827	0.859189373753702	1	1	0	0	0	0	1	rs3130559(1)
6	31091992	rs3094204	G	A	3.9119999999999997e-38	0.218171209687652	0.016898345473653	1.2438	1.20327914710879	1.28568540701232	1	0	0	0	0	0	0	NONE
6	31105413	rs1265099	A	G	7.251e-11	-0.112832808274344	0.017317939461063	0.8933	0.863487403161648	0.924141900713536	1	0	0	0	0	0	0	NONE
6	31105633	rs2074478	T	C	6.292e-50	0.313569093403627	0.0211061949634474	1.3683	1.31285079384676	1.42609114362049	1	1	0	0	0	0	1	rs2233952(1)
6	31111356	rs9263739	C	T	3.489e-17	-0.197353979627917	0.0234139386111307	0.8209	0.784079156107288	0.859449973578677	1	3	0	0	0	0	3	"rs3778638(1)	rs9263740(1)	rs130077(1)"
6	31118511	rs130067	T	G	2.275e-14	-0.166054584330083	0.0217518469988673	0.847	0.811648264513499	0.883891497544215	1	4	0	0	0	0	4	"rs1966(1)	rs1265074(1)	rs1265110(1)	rs1265109(1)"
6	31124849	rs3130453	T	C	1.827e-15	0.135666611421534	0.0170594945802897	1.1453	1.10763820148317	1.18424237105904	1	4	0	0	1	0	3	"rs2240064(1)	rs720465(1)	rs3094187(1)	rs1419881(1)"
6	31136453	rs3130501	G	A	1.4900000000000001e-43	0.263517445452483	0.0190421497290712	1.3015	1.25381992570562	1.35099324494042	1	3	0	0	0	0	3	"rs3094663(1)	rs3130931(1)	rs3094188(1)"
6	31162963	rs4713447	A	G	1.726e-16	-0.142024500029418	0.017236548223343	0.8676	0.838778900592936	0.897411414936514	1	1	0	0	0	0	1	rs3868075(1)
6	31167927	rs4122189	C	T	1.478e-17	-0.173996308047964	0.0204008926435713	0.8403	0.807362870896593	0.874580830322129	1	0	0	0	0	0	0	NONE
6	31184020	rs9295967	A	G	1.477e-15	-0.173758326133467	0.0217773579709796	0.8405	0.805379287640055	0.877152244714452	1	0	0	0	0	0	0	NONE
6	31184196	rs3869109	G	A	3.248e-48	0.248499358576518	0.0170320724393372	1.2821	1.24000634506954	1.32562257970367	1	0	0	0	0	0	0	NONE
6	31206616	rs3130531	G	A	1.0150000000000001e-25	0.180570023755148	0.017222137181919	1.1979	1.15813926450628	1.23902578383933	1	0	0	0	0	0	0	NONE
6	31209510	rs3130712	T	C	1.8739999999999997e-42	0.232539272954572	0.0170290796749478	1.2618	1.22037998918141	1.30462581664253	1	0	0	0	0	0	0	NONE
6	31243170	rs3132486	A	G	7.919e-23	0.165005834584267	0.0167765939601698	1.1794	1.14124949499161	1.21882582739738	1	0	0	0	0	0	0	NONE
6	31244520	rs2524070	G	A	2.7999999999999996e-10	-0.147224719756525	0.0233339432316188	0.8631	0.824515573708724	0.903490041612198	1	1	0	0	0	0	1	rs2524044(1)
6	31273745	rs3873386	T	C	3.855e-18	-0.151404454159233	0.0174369039852127	0.8595	0.830621730287984	0.889382282045369	1	4	0	0	0	0	4	"rs6928399(1)	rs2394963(1)	rs9468925(1)	rs3873379(1)"
6	31334945	rs2844575	T	C	2.8489999999999994e-32	-0.20187141603867	0.0170694685950191	0.8172	0.790311921201374	0.845002867962355	1	0	0	0	0	0	0	NONE
6	31350704	rs1521	T	C	1.926e-53	0.295129273086831	0.0191773499144611	1.3433	1.29374571668928	1.39475235876927	1	0	0	0	0	0	0	NONE
6	31352348	rs9266773	T	C	1.161e-37	-0.393635356354587	0.0306885728237638	0.6746	0.63521931670033	0.716422104988803	1	1	0	0	0	0	1	rs4713466(1)
6	31384792	rs9266845	T	C	3.3760000000000006e-08	-0.106694738670963	0.0193262117850735	0.8988	0.865390772653886	0.933499022092182	1	2	0	0	0	1	1	"rs1051794(1)	rs7772549(1)"
6	31428967	rs2596472	A	G	4.035e-55	0.2908769633483	0.018601096243768	1.3376	1.28971184146368	1.38726628885526	1	0	0	0	0	0	0	NONE
6	31446466	rs2248372	G	A	1.5699999999999997e-37	-0.232058168703784	0.0181247811534955	0.7929	0.765227013300459	0.821573727890799	1	3	0	0	0	0	3	"rs2248462(1)	rs2516513(1)	rs2516509(1)"
6	31461089	rs3130922	G	A	1.633e-56	0.279070095603217	0.0176174132677348	1.3219	1.27703369862049	1.36834259885831	1	1	0	0	0	0	1	rs2248373(1)
6	31483415	rs2844494	A	C	8.682e-32	0.209612417029858	0.017865911777832	1.2332	1.1907641333891201	1.27714817515673	1	2	0	0	0	0	2	"rs2516390(1)	rs928815(1)"
6	31506691	rs2071596	G	A	6.0909999999999995e-33	-0.275226631184435	0.0230212985554796	0.7594	0.725896107980109	0.794450271409641	1	1	0	0	0	0	1	rs6929796(1)
6	31515799	rs2071591	G	A	3.125e-27	-0.194070303828503	0.0179547285628864	0.8236	0.795120525185383	0.853099547193615	1	0	0	0	0	0	0	NONE
6	31555130	rs2256965	G	A	7.017999999999999e-25	0.17512908621245	0.0170021887035203	1.1914	1.15235168333013	1.23177149869565	1	0	0	0	0	0	0	NONE
6	31610384	rs1077394	T	C	4.8559999999999996e-88	0.346988178349189	0.0174443598604104	1.4148	1.36724427093103	1.46400982074474	1	0	0	0	0	0	0	NONE
6	31610529	rs1077393	A	G	9.851999999999987e-65	-0.287548748006546	0.016925262467003	0.7501	0.725624756253975	0.775400791043391	1	2	0	0	0	0	2	"rs2242660(1)	rs1052486(1)"
6	31613739	rs3130048	T	C	1.285e-08	-0.110819835105244	0.019482930288933	0.8951	0.861563619422395	0.929941784841309	1	2	0	0	2	0	0	"rs3117583(1)	rs3130618(1)"
6	31627523	rs3130617	T	C	6.804999999999989e-100	0.39770171749033	0.0187454187533537	1.4884	1.43470707109642	1.54410234997101	1	0	0	0	0	0	0	NONE
6	31628733	rs805262	C	T	1.3979999999999998e-43	-0.234583741456765	0.0169457490561248	0.7909	0.765062759769087	0.817609799997058	1	0	0	0	0	0	0	NONE
6	31669496	rs1266071	C	T	2.3119999999999998e-32	-0.350266947643402	0.0295734030186558	0.7045	0.664825407732755	0.746542241357162	1	0	0	0	0	0	0	NONE
6	31681160	rs385306	G	A	3.182e-11	-0.132845913333429	0.0200132670637894	0.8756	0.841918622916154	0.910628817479374	1	1	0	0	0	0	1	rs805286(1)
6	31688217	rs805294	A	G	3.857e-08	-0.0967311889597718	0.0175961997517892	0.9078	0.877025035319193	0.939654863672242	1	2	0	0	0	1	1	"rs707928(1)	rs2763979(1)"
6	32071893	rs3134954	T	C	9.742999999999973e-245	0.727693524312529	0.0217805695708031	2.0703	1.98377899290711	2.16059455479912	1	0	0	0	0	0	0	NONE
6	32171683	rs2071277	T	C	2.1649999999999997e-57	-0.269449304190721	0.0168752429090379	0.7638	0.738950176630589	0.78948548691077	1	2	0	0	0	0	2	"rs394657(1)	rs422951(1)"
6	32184345	rs404860	T	C	1.8729999999999998e-37	-0.310064023344911	0.0242433425938221	0.7334	0.69936606560239	0.769090161011326	1	0	0	0	0	0	0	NONE
6	32186264	rs436388	C	T	2.2379999999999993e-113	0.387708386518905	0.017133128123154	1.4736	1.42493679079153	1.52392511305274	1	0	0	0	0	0	0	NONE
6	32190620	rs3134931	T	C	2.6239999999999995e-44	-0.263054502627051	0.018839484420278	0.7687	0.740833117137004	0.797615112406919	1	0	0	0	0	0	0	NONE
6	32191457	rs375244	G	A	3.021e-18	-0.183562326230088	0.0210732875262346	0.8323	0.79862325123528	0.867396846921902	1	0	0	0	0	0	0	NONE
6	32191607	rs8192565	C	T	8.706e-12	-0.203953856921069	0.0298771341969586	0.8155	0.769116335066851	0.864680958755342	1	0	0	0	0	0	0	NONE
6	32205110	rs9267911	T	C	1.8869999999999998e-61	-0.283955690710967	0.0171677101279242	0.7528	0.72789068315525	0.778561744386456	1	0	0	0	0	0	0	NONE
6	32212985	rs17576984	C	T	8.52e-11	-0.193827496980157	0.0298604041211718	0.8238	0.776969728325365	0.873452871146879	1	0	0	0	0	0	0	NONE
6	32218989	rs9296015	G	A	2.699e-15	-0.176259965415359	0.0222998455525741	0.8384	0.802544749674486	0.875857153492193	1	0	0	0	0	0	0	NONE
6	32244627	rs3130340	T	C	4.1699999999999996e-08	-0.111937653240865	0.0204135534036601	0.8941	0.859032762099494	0.930598744623213	1	1	0	0	0	0	1	rs3115553(1)
6	32265528	rs17422797	C	T	1.1759999999999999e-09	-0.20040406434472	0.0329423278795456	0.8184	0.767228178564581	0.872984828650453	1	0	0	0	0	0	0	NONE
6	32266506	rs6906662	G	A	1.3539999999999999e-17	-0.311155428637423	0.0364393711379458	0.7326	0.682101642671804	0.786836926382007	1	0	0	0	0	0	0	NONE
6	32317635	rs2076537	G	A	1.0400000000000002e-27	-0.192614346279387	0.0176558996136641	0.8248	0.796745551089911	0.853842282607525	1	1	0	0	0	0	1	rs1003878(1)
6	32322393	rs1265759	T	C	1.2199999999999995e-143	0.427422275460207	0.016749322083999	1.5333	1.48378106594591	1.58447155308673	1	1	0	0	0	0	1	rs1265758(1)
6	32336187	rs3129934	C	T	0.0	0.834907125597777	0.0	2.3046	2.3046	2.3046	1	3	0	0	0	0	3	"rs3134603(1)	rs3134943(1)	rs3129941(1)"
6	32348145	rs2395157	A	G	3.7119999999999996e-57	-0.313478627495791	0.0196742273269567	0.7309	0.703251911826785	0.759635062508838	1	2	0	0	0	0	2	"rs3806156(1)	rs2395163(1)"
6	32357715	rs12529049	C	T	2.0899999999999998e-12	-0.171856506946191	0.0244519223015013	0.8421	0.802693545665733	0.883441026564956	1	0	0	0	0	0	0	NONE
6	32380262	rs6932542	G	A	1.319e-108	0.371494588537011	0.0167797735997027	1.4499	1.4029907839495301	1.49837763301774	1	3	0	0	0	0	3	"rs4424066(1)	rs3817973(1)	rs2076530(1)"
6	32384721	rs9268542	A	G	8.704e-104	-0.384780516915332	0.0177863750983032	0.6806	0.657282208184503	0.704745015507817	1	1	0	0	0	0	1	rs9268528(1)
6	32389648	rs3135363	A	G	1.018e-35	-0.236862223455148	0.0189864690103461	0.7891	0.760274518236798	0.819018387521516	1	3	0	0	0	0	3	"rs3129963(1)	rs9268530(1)	rs2395162(1)"
6	32404859	rs2395173	G	A	6.312999999999987e-218	0.539413080617903	0.017118724994437	1.715	1.65841177051815	1.77351912974005	1	0	0	0	0	0	0	NONE
6	32404878	rs2395174	T	G	1.7699999999999998e-37	-0.244878043460216	0.0191399918069158	0.7828	0.753977744942044	0.812724041406689	1	0	0	0	0	0	0	NONE
6	32427789	rs9268832	C	T	1.7029999999999993e-217	0.528508358618299	0.0167894266342654	1.6964	1.64148461011606	1.75315256826961	1	1	0	0	0	0	1	rs7192(1)
6	32663851	rs6457617	C	T	8.231999999999988e-100	-0.359966068036946	0.0169739373879079	0.6977	0.674870144377174	0.721302155763974	1	1	0	0	0	0	1	rs5000634(1)
6	32671248	rs1794275	G	A	1.853e-24	-0.231805961892863	0.0227114461658598	0.7931	0.758569848790056	0.82920196604609	1	0	0	0	0	0	0	NONE
6	32680928	rs7765379	T	G	6.267e-23	-0.276148836638108	0.0280098202224255	0.7587	0.718170635496656	0.801516605593212	1	0	0	0	0	0	0	NONE
6	32681355	rs9275595	T	C	4.975e-20	-0.190918404019473	0.0208322523004931	0.8262	0.793144687181226	0.860632934989365	1	0	0	0	0	0	0	NONE
6	32704523	rs9276310	G	A	2.294e-17	-0.222518746545368	0.0262470831395169	0.8005	0.760360185638391	0.842758816286508	1	1	0	0	0	0	1	rs3104398(1)
6	32752139	rs719654	G	A	1.534e-26	-0.220646671115623	0.0206948376018819	0.802	0.770120292110954	0.835199392340296	1	10	0	0	0	0	10	"rs2621373(1)	rs2219893(1)	rs2071474(1)	rs2071473(1)	rs2071472(1)	rs2857106(1)	rs241453(1)	rs241452(1)	rs241448(1)	rs241447(1)"
6	32757297	rs9276711	C	T	2.0030000000000003e-28	-0.197475804565632	0.0178580263467959	0.8208	0.792567553221566	0.850038128941244	1	5	0	0	0	0	5	"rs9276644(1)	rs3948793(1)	rs6912002(1)	rs1383261(1)	rs9276734(1)"
6	32763110	rs2621377	T	C	1.9559999999999996e-52	0.260593466761048	0.0171007203518089	1.2977	1.25492530749392	1.3419326871039	1	0	0	0	0	0	0	NONE
6	32765182	rs7767167	A	G	2.6039999999999888e-250	0.762999682458779	0.0225794434723699	2.1447	2.05185440744318	2.2417468185433997	1	0	0	0	0	0	0	NONE
6	32780724	rs11244	G	A	6.516e-12	-0.131362318196827	0.0191270366767975	0.8769	0.844634482680445	0.910398078420535	1	1	0	0	0	0	1	rs7383287(1)
6	32787056	rs1894406	C	T	1.961e-23	-0.177692288410292	0.0178137619356748	0.8372	0.808473593334222	0.866947103503289	1	0	0	0	0	0	0	NONE
6	32804414	rs241427	G	A	8.534999999999989e-92	0.35452262937059	0.0174468681368622	1.4255	1.37757783890753	1.475089241862	1	1	0	0	0	0	1	rs241425(1)
6	32804798	rs3819721	G	A	1.5209999999999999e-28	-0.221644675190474	0.0199990397152004	0.8012	0.770402022661627	0.833229172714598	1	0	0	0	0	0	0	NONE
6	32804934	rs241424	G	A	7.7e-26	-0.178767878594657	0.0170079444788538	0.8363	0.808881014680564	0.864648418378567	1	0	0	0	0	0	0	NONE
6	32808232	rs3763349	G	A	1.286e-31	0.198604926867056	0.0169758827168034	1.2197	1.17978497434608	1.26096544908496	1	2	0	0	0	0	2	"rs6924102(1)	rs241404(1)"
6	32809848	rs9357155	G	A	6.936000000000001e-10	-0.162401289358824	0.0263316095396651	0.8501	0.807339307202806	0.895125511111108	1	1	0	0	0	0	1	rs2071543(1)
6	32825348	rs2071477	T	C	6.121e-30	-0.196136545827683	0.0172552555681525	0.8219	0.794567889957261	0.850172299356742	1	2	0	0	0	0	2	"rs4713600(1)	rs6929078(1)"
6	32899485	rs3132131	G	A	2.273e-58	0.283297474133957	0.0175883174941593	1.3275	1.28251676723581	1.3740609830764	1	3	0	0	0	0	3	"rs2071540(1)	rs3101942(1)	rs154978(1)"
6	32921774	rs3135029	G	T	5.984999999999999e-66	0.479706404707121	0.0279665806982164	1.6156	1.5294250898761104	1.7066304046388	1	0	0	0	0	0	0	NONE
6	32941910	rs620202	G	T	7.62e-14	-0.141102840978	0.0188722894192746	0.8684	0.836864986262147	0.901123326198968	1	3	2	0	0	0	1	rs194682(1)
6	32951662	rs3135034	T	C	2.158e-15	-0.258770728957361	0.0326240103235439	0.772	0.724181093165679	0.822976470422226	1	0	0	0	0	0	0	NONE
6	32973281	rs416622	T	C	1.999e-09	-0.101368494388289	0.0169006974007852	0.9036	0.874158245060716	0.934033356790325	1	0	0	0	0	0	0	NONE
6	32975381	rs453779	G	A	4.197e-08	0.0931259779894836	0.016986490494618	1.0976	1.06165865776384	1.13475809874475	1	0	0	0	0	0	0	NONE
6	32977535	rs396090	A	G	5.877000000000001e-11	0.111094047505587	0.0169691279299419	1.1175	1.08094380903287	1.15529247641218	1	3	0	0	0	0	3	"rs2581(1)	rs365066(1)	rs2267647(1)"
6	32985052	rs3130604	A	G	4.722e-25	0.236888653105882	0.0229134023296372	1.2673	1.21164432643212	1.32551216141891	1	0	0	0	0	0	0	NONE
6	33083121	rs1810472	T	C	6.135e-12	-0.130450429384065	0.0189705269989095	0.8777	0.845664422058081	0.910949154187181	1	0	0	0	0	0	0	NONE
6	33098966	rs2294478	C	A	4.1270000000000003e-11	-0.112049503808623	0.0169786254619869	0.894	0.864738949820132	0.924251186055911	1	2	0	0	0	0	2	"rs2294472(1)	rs2395352(1)"
6	33107955	rs4713610	T	G	5.992e-22	-0.229035877019048	0.0237843884190704	0.7953	0.759076073271048	0.83325257147731	1	1	0	0	0	0	1	rs9277912(1)
6	33256397	rs9277965	G	A	4.58e-08	-0.129084153411538	0.0236119901354752	0.8789	0.839151804301051	0.920530952851141	1	1	0	0	0	0	1	rs464921(1)
6	33326434	rs9278019	C	T	2.502e-08	-0.141448363584375	0.0253804084134255	0.8681	0.825972363647564	0.912376301153768	1	0	0	0	0	0	0	NONE
6	33535466	rs210131	C	T	2.302e-08	0.178899039992625	0.0320170260662191	1.1959	1.12315946962508	1.27335151301124	1	1	0	0	0	0	1	rs2772372(1)
6	135739355	rs11154801	C	A	1.526e-12	0.136626597531825	0.0193190828060527	1.1464	1.103802674741	1.19064121701678	1	7	0	0	0	0	7	"rs6931735(1)	rs2064430(1)	rs7772681(1)	rs2614265(1)	rs9402715(1)	rs719885(1)	rs4896157(1)"
6	137422752	rs276568	C	T	4.761e-08	0.0989399478549036	0.018120826771543	1.104	1.06547757660321	1.14391520456549	1	0	0	0	0	0	0	NONE
6	159465977	rs1738074	C	T	5.268e-11	-0.123863987222386	0.018872620244003	0.8835	0.851416093900206	0.916792923685901	1	1	0	0	0	0	1	rs212402(1)
11	60832282	rs650258	C	T	1.7399999999999998e-09	-0.112049503808623	0.0186116763557897	0.894	0.861975535797995	0.927214250065796	1	0	0	0	0	0	0	NONE
12	6446777	rs1860545	G	A	1.602e-09	0.105260510657493	0.017445294990312	1.111	1.07365394464617	1.14964510320574	1	2	0	0	0	1	1	"rs4149577(1)	rs4149576(1)"
14	69254191	rs4902647	C	T	3.806e-08	-0.103029900319544	0.0187339867584752	0.9021	0.869576893999269	0.93583950495433	1	2	0	0	0	1	1	"rs747854(1)	rs12887372(1)"
14	88487689	rs2119704	C	A	3.462e-10	-0.233446444310107	0.0371935183275873	0.7918	0.736132064982714	0.851677667396165	1	4	0	0	0	1	3	"rs17123895(1)	rs2301123(1)	rs1372363(1)	rs8021613(1)"
16	11169683	rs725613	T	G	8.619e-13	-0.149312403187009	0.0208801287041615	0.8613	0.826762791304661	0.89727996688065	1	3	0	0	0	0	3	"rs7403919(1)	rs8062322(1)	rs12924729(1)"
16	11177801	rs7200786	G	A	6.296e-14	0.142887487548548	0.0190471604723042	1.1536	1.11132728476514	1.1974806866019099	1	6	0	0	0	0	6	"rs9935174(1)	rs3901386(1)	rs12599402(1)	rs998592(1)	rs9933507(1)	rs12103174(1)"
19	6668972	rs1077667	C	T	2.125e-12	-0.148848096736416	0.0211852492901016	0.8617	0.826652235793488	0.898233692294152	1	0	0	0	0	0	0	NONE
19	18304700	rs874628	A	G	4.316e-08	-0.11384081642376	0.0207837001655515	0.8924	0.856777630186813	0.929503446333393	1	2	0	0	0	0	2	"rs2271881(1)	rs4808762(1)"