CHR	BP	SNP	effect_allele	other_allele	P	beta	se
1	67705958	rs11209026	G	A	1e-09	0.9783261227936078	0.06121190551800793
1	160830268	rs4656940	A	G	1e-09	0.13976194237515863	0.026643536573366655
1	200877562	rs7554511	C	A	1e-09	0.131028262406404	0.02474292499676265
2	234184417	rs3792109	A	G	1e-09	0.29266961396282004	0.0208750046550082
5	40410584	rs11742570	C	T	1e-09	0.28517894223366247	0.023032358844923568
5	131784393	rs12521868	T	G	1e-09	0.20701416938432612	0.020751438636212368
6	20728731	rs6908425	C	T	1e-09	0.1570037488096647	0.026187284199000835
6	106435025	rs6568421	G	A	1e-09	0.12221763272424911	0.02496321173565267
6	167406633	rs415890	C	G	1e-09	0.1570037488096647	0.021816880979122936
8	126537570	rs4871611	A	G	1e-09	0.1570037488096647	0.023899358182990525
10	35535695	rs12242110	G	A	1e-09	0.13976194237515863	0.02219677984429328
11	76301375	rs7927997	T	C	1e-09	0.1570037488096647	0.021816880979122936
12	40792300	rs11564258	A	G	1e-09	0.5538851132264376	0.05856490858278065
13	44457925	rs3764147	G	A	1e-09	0.1570037488096647	0.023899358182990525
17	38040763	rs2872507	A	G	1e-09	0.131028262406404	0.022391737469996318
17	40570772	rs11871801	A	C	1e-09	0.13976194237515863	0.024313821378654277
18	12809340	rs1893217	G	A	1e-09	0.22314355131420976	0.02860135156140465
21	16812552	rs1736020	C	A	1e-09	0.14842000511827322	0.022005189868471137
21	45615023	rs2838519	G	A	1e-09	0.16551443847757333	0.021631769556142096
1	7879063	rs2797685	A	C	1e-09	0.04879016416943205	0.021775471671213478
1	206939904	rs3024505	T	G	1e-09	0.11332868530700327	0.022792117432614754
2	25492467	rs13428812	G	A	1e-09	0.058268908123975824	0.016773310602750127
2	27742603	rs780093	T	C	1e-09	0.13976194237515863	0.024313821378654277
2	43806918	rs10495903	T	C	1e-09	0.131028262406404	0.02452649503900566
2	61224259	rs10181042	T	C	1e-09	0.131028262406404	0.022391737469996318
2	198896895	rs6738825	A	G	1e-09	0.058268908123975824	0.021570762252056917
2	231116874	rs7423615	T	C	1e-09	0.11332868530700327	0.02496321173565267
3	18706858	rs13073817	A	G	1e-09	0.0769610411361284	0.02363745675579201
5	72551134	rs7702331	A	G	1e-09	0.11332868530700327	0.022792117432614754
5	96244549	rs2549794	C	T	1e-09	0.04879016416943205	0.016932415547161402
5	141479065	rs11167764	C	A	1e-09	0.058268908123975824	0.021570762252056917
5	173279842	rs359457	T	C	1e-09	0.0769610411361284	0.018905094937173968
6	3433318	rs17309827	T	G	1e-09	0.09531017980432493	0.025415775752255402
6	90973159	rs1847472	G	C	1e-09	0.06765864847381486	0.01908194211293327
8	129567181	rs6651252	T	C	1e-09	0.20701416938432612	0.026877682565772033
10	81060317	rs1250550	G	C	1e-09	0.17395330712343798	0.017156180359481504
13	43052880	rs2062305	G	A	1e-09	0.09531017980432493	0.023207086276971066
14	69210199	rs4902642	G	A	1e-09	0.06765864847381486	-0.016617168921163657
14	88472595	rs8005161	T	C	1e-09	0.20701416938432612	0.031022227575200765
15	67442596	rs17293632	T	C	1e-09	0.11332868530700327	0.02060238689909652
16	28490517	rs151181	G	T	1e-09	0.06765864847381486	0.02136986812894358
17	32593665	rs3091315	A	G	1e-09	0.1823215567939546	0.025531494529842512
19	10469975	rs12720356	G	A	1e-09	0.11332868530700327	0.029511326275373
19	33757062	rs736289	T	C	1e-09	0.058268908123975824	0.021570762252056917
19	49214274	rs281379	A	G	1e-09	0.06765864847381486	0.016617168921163657
22	39659773	rs2413583	C	T	1e-09	0.20701416938432612	0.02490777284793777
