SNP	CHR	BP	effect_allele	other_allele	OR	beta	se	P
rs4324288	2	182097994	A	NA	1.0008592259232831	0.000858857	0.00015445773089147933	4.81458e-08
rs34523728	3	46219833	A	NA	1.001962683546888	0.00196076	0.0002878530503234941	3.13561e-11
rs2373245	3	46470534	A	NA	1.001706504424256	0.00170505	0.0002720902862071388	8.998889999999998e-10
rs6782869	3	69255311	C	NA	1.0015970238865426	0.00159575	0.00025756532815204023	1.36795e-09
rs17753641	3	159647674	G	NA	1.001695345475952	0.00169391	0.00023513284806386714	2.4021e-12
rs7628982	3	188080420	G	NA	1.0009705406700844	0.00097007	0.00015339498121341388	6.389349999999999e-10
rs13144652	4	123026426	A	NA	0.9986688767315646	-0.00133201	0.00020059679844481036	9.25395e-11
rs34135604	4	123283993	A	NA	0.9986235781386958	-0.00137737	0.00019895894734313276	1.53368e-11
rs13132308	4	123551114	G	NA	0.9985772730369696	-0.00142374	0.0001999743561446894	4.220819999999999e-12
rs13209815	6	24868086	A	NA	1.0028783144154054	0.00287418	0.0004311598002726914	7.86929e-11
rs114089484	6	25121497	C	NA	1.0040383020559671	0.00403017	0.0003589267677171362	5.32758e-27
rs4346843	6	25175785	C	NA	0.9990711636357957	-0.000929268	0.00016114880003165915	1.57303e-08
rs2690109	6	25328790	G	NA	1.0008738355720321	0.000873454	0.00015482960603497624	3.11598e-08
rs2039069	6	25424327	A	NA	0.9949160572055266	-0.00509691	0.0002586269651370754	4.9864299999999994e-77
rs12528639	6	25491807	G	NA	0.998896289536936	-0.00110432	0.00015960544261075046	1.57212e-11
rs12525553	6	25504877	T	NA	1.0011240012164195	0.00112337	0.0001537778591165998	1.21374e-12
rs530145	6	25546801	G	NA	0.9985487540773045	-0.0014523	0.000153556642346028	7.85203e-20
rs34493019	6	25714959	G	NA	1.0056721862744495	0.00565616	0.0002464635827900045	5.094259999999997e-103
rs1165150	6	25842032	T	NA	1.0013804219063989	0.00137947	0.00015102509009238372	1.21065e-18
rs13191445	6	26015489	A	NA	1.0057011902785373	0.005685	0.00024350068895546685	1.8077499999999997e-106
rs6935954	6	26255451	G	NA	1.0015235894848893	0.00152243	0.0001514164271512197	4.0293e-22
rs34107459	6	26328353	C	NA	1.0063677786432088	0.00634759	0.00023609172527102232	1.0901799999999992e-139
rs2273193	6	26458525	G	NA	1.0011400093171834	0.00113936	0.00018391610889674913	1.37211e-09
rs66488313	6	26631568	T	NA	1.0067437372799943	0.0067211	0.0002313983249464188	3.506999999999996e-162
rs868190	6	26665835	A	NA	1.0014021420833046	0.00140116	0.00015719486164001814	7.42484e-18
rs35869525	6	26946687	T	NA	1.0065625195843033	0.00654108	0.0002287725208532524	2.5611199999999976e-157
rs72839445	6	27249686	A	NA	1.0068590462432667	0.00683563	0.00023108617579314762	5.172639999999997e-168
rs9461363	6	27308175	A	NA	0.9987814530320308	-0.00121929	0.00016534490840277422	7.57593e-13
rs9468141	6	27474527	A	NA	1.001383846633298	0.00138289	0.00015735763673585358	2.04408e-17
rs35848276	6	27521096	T	NA	1.007052019200967	0.00702727	0.00022794280894389713	4.9875399999999944e-182
rs13199649	6	27868792	T	NA	1.0070766519946144	0.00705173	0.00022678273839828303	4.409899999999993e-185
rs731132	6	27885356	G	NA	0.9984919382696225	-0.0015092	0.0001550241746524858	7.02014e-21
rs62401437	6	28147855	A	NA	0.9985241301686429	-0.00147696	0.00017307749379173376	1.53735e-16
rs13205211	6	28203056	G	NA	1.007122454882297	0.00709721	0.0002257497375261657	4.509119999999993e-189
rs34676049	6	28453618	G	NA	1.0072981526472402	0.00727165	0.00022707321007237524	5.825719999999992e-196
rs2227228	6	28463576	C	NA	0.9988894770874718	-0.00111114	0.00016236763251794488	2.56024e-11
rs1233581	6	28713847	T	NA	1.0073119124339844	0.00728531	0.0002235747018140432	1.0672799999999988e-202
rs17338569	6	28722799	C	NA	0.9986194738042241	-0.00138148	0.00020617310826783776	6.34001e-11
rs9257148	6	28731809	C	NA	0.9987593802058244	-0.00124139	0.00022230564216771422	4.2411e-08
rs3129797	6	28992159	G	NA	1.0073665001455598	0.0073395	0.0002226254522487595	2.4051199999999978e-207
rs3129786	6	29036444	T	NA	1.001489598351095	0.00148849	0.00016028313434689661	3.3707799999999998e-19
rs34930832	6	29287000	C	NA	0.9987856778865127	-0.00121506	0.00021515639003738635	3.0173e-08
rs1419637	6	29355558	T	NA	0.998253886233553	-0.00174764	0.00015187011811682827	3.1143e-28
rs442694	6	29356687	T	NA	1.0075247396287503	0.00749657	0.0002194352714888473	3.277179999999994e-222
rs362509	6	29540861	T	NA	0.9985403363467883	-0.00146073	0.00015629516272948243	2.0393899999999998e-19
rs28893513	6	29563858	G	NA	0.9984117526019587	-0.00158951	0.0002327042661405426	2.77824e-11
rs3131856	6	29607101	C	NA	1.0076655107434611	0.00763628	0.00021578171909686513	5.375419999999992e-238
rs1233375	6	29608557	T	NA	0.9982721145159394	-0.00172938	0.00017866613605035473	1.14728e-20
rs2735002	6	29808718	G	NA	0.9985279145822678	-0.00147317	0.00017076314095656182	7.377779999999999e-17
rs2517749	6	29897259	A	NA	0.9977232257911677	-0.00227937	0.00015844127374243765	1.3505299999999998e-42
rs3132680	6	30073195	C	NA	1.0016615087786869	0.00166013	0.0001584525174610928	8.059330000000002e-24
rs2523978	6	30083708	T	NA	1.0079293319509148	0.00789806	0.00021293088498434672	7.904939999999986e-261
rs2517646	6	30122575	T	NA	1.0012407090434248	0.00123994	0.00016008888966290115	5.62634e-14
rs1060916	6	30171922	C	NA	0.9981283537184703	-0.0018734	0.00022055809904960355	2.0939099999999998e-16
rs3132619	6	30374211	G	NA	1.008222288860115	0.00818867	0.00021473742028220352	2.6469099999999952e-275
rs2524184	6	30424736	T	NA	1.002094991434398	0.0020928	0.00015569231135818115	1.4857999999999993e-37
rs2021719	6	30449482	A	NA	0.9980605431816687	-0.00194134	0.00015386942505635066	2.05675e-33
rs11758688	6	30758348	T	NA	0.9979946533996535	-0.00200736	0.0001689786243053751	6.400869999999999e-30
rs10947096	6	30765895	A	NA	0.9987009644780609	-0.00129988	0.00021397981709352657	2.76255e-09
rs1264347	6	30798697	T	NA	1.0085349568171933	0.00849874	0.0	0.0
rs111739591	6	30807451	C	NA	0.9976814320406155	-0.00232126	0.00041345833841422385	3.60763e-08
rs2517582	6	30808762	T	NA	0.9975048480793546	-0.00249827	0.00015182259520538438	9.0885e-55
rs11756736	6	30927591	G	NA	0.997889290686343	-0.00211294	0.0003737337837864319	2.91664e-08
rs114310831	6	30965425	G	NA	1.0021617031184515	0.00215937	0.0003564293591888012	3.0371300000000002e-09
rs3869097	6	30984470	T	NA	0.9972793576736967	-0.00272435	0.0001585777832081484	2.1341599999999996e-59
rs115892464	6	31011263	T	NA	0.9977792495231474	-0.00222322	0.0003904513124054268	2.3417e-08
rs3095311	6	31051675	G	NA	1.0091720074158426	0.009130200000000002	0.0	0.0
rs3094197	6	31093485	G	NA	1.0026479095361802	0.00264441	0.0001673910336371593	9.854669999999997e-51
rs2074478	6	31105633	T	NA	1.0017087081809897	0.00170725	0.0001902462459147739	4.53724e-18
rs2073717	6	31122126	C	NA	1.0029207069777162	0.00291645	0.0001485722560714442	1.88103e-76
rs9263985	6	31190538	A	NA	0.996957946450174	-0.00304669	0.0001573954631760149	1.9129199999999994e-74
rs7761965	6	31273495	A	NA	0.9980289750259409	-0.00197297	0.00027691871452746434	4.07987e-12
rs9264969	6	31278415	C	NA	1.0026757434284816	0.00267217	0.00016167257231046388	3.1638000000000003e-55
rs9265971	6	31315792	C	NA	1.0102294669012135	0.0101775	0.0	0.0
rs9266359	6	31332739	T	NA	0.9977922107597818	-0.00221023	0.00019394763899964224	9.754669999999998e-28
rs72867732	6	31360289	G	NA	0.9975544552289212	-0.00244854	0.0003045240830317669	6.551779999999999e-15
rs9501109	6	31392118	G	NA	0.9977565902136882	-0.00224593	0.0001911969044510519	2.59353e-29
rs9267088	6	31411213	A	NA	0.9975172471416762	-0.00248584	0.0002172572329613105	6.10259e-28
rs2255223	6	31431723	A	NA	1.0019861197281412	0.00198415	0.00032278347236247264	1.81701e-09
rs2523663	6	31439740	T	NA	1.002531428668555	0.00252823	0.00015639607785623648	5.6955699999999965e-53
rs2523651	6	31448154	G	NA	1.002901501230073	0.0028973	0.00015156742177367335	1.0817599999999997e-72
rs114751021	6	31504194	G	NA	0.99718622610333	-0.00281774	0.0004594360658713237	1.9709400000000002e-09
rs6929796	6	31522669	A	NA	0.9971814495927467	-0.00282253	0.00020013981618175876	4.7584e-41
rs769178	6	31547514	T	NA	0.9978735241601061	-0.00212874	0.0003005388507167015	5.376719999999999e-12
rs3130631	6	31566168	G	NA	1.0108476133069204	0.0107892	0.0	0.0
rs56826489	6	31605567	C	NA	0.9977320756354294	-0.0022705	0.00021194712207854186	8.54537e-25
rs2295663	6	31669295	G	NA	0.9969709668059774	-0.00303363	0.00032335698743171816	1.50517e-19
rs34406901	6	31672268	G	NA	0.997688415835083	-0.00231426	0.0003279088738150419	6.35985e-12
rs707939	6	31726688	A	NA	0.996628785347878	-0.00337691	0.0001566586855865135	2.2097199999999996e-91
rs114832009	6	31770823	T	NA	1.003018005034866	0.00301346	0.0003689521584292388	2.53927e-15
rs501942	6	31840477	T	NA	1.0117104365186351	0.011642399999999999	0.0	0.0
rs611572	6	31860156	T	NA	0.9973028538521473	-0.00270079	0.0003124603330596442	6.46851e-17
rs115062572	6	31862876	T	NA	0.9973708722261803	-0.00263259	0.00047146866668127334	4.24911e-08
rs3130683	6	31888367	T	NA	1.0021927505689368	0.00219035	0.00021010348210526872	1.3153199999999999e-23
rs61740337	6	32017105	G	NA	0.9974597818283726	-0.00254345	0.00030583635871813465	8.22979e-16
rs204999	6	32109979	G	NA	1.006953000644246	0.00692894	0.0	0.0
rs2022059	6	32156489	C	NA	0.9964450538365333	-0.00356128	0.0003039021054785628	3.48422e-29
rs3134932	6	32186147	A	NA	1.004617638586303	0.00460701	0.00014947479193597489	6.122179999999995e-182
rs8192565	6	32191607	T	NA	0.9973494289829431	-0.00265409	0.0002685193312179195	1.8714300000000007e-21
rs454748	6	32213210	A	NA	0.9965972525119616	-0.00340855	0.00014793451240267266	8.259249999999995e-104
rs3117099	6	32358270	A	NA	1.0075796109202022	0.00755103	0.0	0.0
rs3806155	6	32373378	T	NA	0.9976648706663035	-0.00233786	0.0004126327968498874	2.73103e-08
rs968155	6	32380715	T	NA	0.9964273770580716	-0.00357902	0.00014640339752652434	2.648539999999998e-116
rs28732209	6	32389543	C	NA	0.9965409264270398	-0.00346507	0.0003052249373566335	1.5189199999999999e-27
rs28752488	6	32419006	A	NA	1.0036908846009756	0.00368409	0.00028391671220786126	3.47377e-35
rs58667488	6	32431785	C	NA	0.996809978963861	-0.00319512	0.0005716622033510761	4.12849e-08
rs17613410	6	32622186	C	NA	1.0044771425884844	0.00446715	0.00015106042028647514	6.414059999999994e-168
rs2647019	6	32663355	C	NA	1.0120951619582712	0.0120226	0.0	0.0
rs35122968	6	32682199	C	NA	0.9960572132751382	-0.00395058	0.00025145260608869496	3.270129999999998e-50
rs9276427	6	32711857	C	NA	0.9971601201096595	-0.00284392	0.00014732886717960385	4.714999999999997e-74
rs2395253	6	32715160	A	NA	0.9970618548219242	-0.00294247	0.0003098336410320758	5.60518e-20
rs9276557	6	32723614	T	NA	1.0029875137509827	0.00298306	0.00027624956698272255	3.727249999999999e-25
rs2071473	6	32782605	T	NA	0.9968547367367211	-0.00315022	0.0001560145027855818	1.138559999999999e-80
rs59377618	6	32788137	C	NA	0.9978842214216224	-0.00211802	0.0002431280706525201	3.77327e-17
rs112647257	6	32804381	T	NA	0.9977397482245922	-0.00226281	0.000345903211766976	1.7043200000000002e-10
rs241426	6	32804553	A	NA	1.0018011901978332	0.00179957	0.00015326490494831335	2.7366e-29
rs9357155	6	32809848	A	NA	0.9977531479593899	-0.00224938	0.00023012167757226098	4.95309e-21
rs9276916	6	32866095	G	NA	1.002741250374561	0.0027375	0.00014972671088779994	8.24964e-67
rs181997	6	32900718	A	NA	0.998809049744825	-0.00119166	0.00016223731788571463	9.241629999999999e-13
rs73396800	6	32914726	C	NA	1.0116568172864218	0.0115894	0.0	0.0
rs206785	6	32934441	G	NA	1.0027183580531318	0.00271467	0.0001493642681634874	4.6208499999999965e-66
rs453779	6	32975381	G	NA	0.9979943939210774	-0.00200762	0.00014947579438393473	1.69001e-37
rs743771	6	32976909	A	NA	1.00235827636961	0.0023555	0.00014782560765413556	1.4741199999999992e-51
rs112148579	6	32989731	A	NA	0.9982827162220905	-0.00171876	0.0002882213383773289	5.22858e-09
rs116802814	6	33024860	C	NA	1.004036705636336	0.00402858	0.00046975587059121563	1.10299e-16
rs742870	6	33076268	C	NA	1.0023354729782121	0.00233275	0.00014809288513768307	1.85916e-50
rs2294478	6	33098966	A	NA	0.9978205484609608	-0.00218183	0.00014828515516179496	2.0260199999999998e-44
rs3129207	6	33125312	C	NA	0.9983650180416502	-0.00163632	0.00014955484330164166	9.24457e-26
rs34038921	6	33195383	C	NA	1.011961169429329	0.0118902	0.00033573945397510706	2.449489999999997e-238
rs464921	6	33240506	G	NA	0.9981549242488985	-0.00184678	0.00020928350200648653	1.52894e-17
rs114984535	6	33328704	C	NA	1.0046041567080568	0.00459359	0.000523104818882595	2.1587800000000002e-17
rs116540075	6	33470659	T	NA	1.0108918894020227	0.010833	0.00037688471548608007	6.199589999999994e-159
rs113243085	6	33516949	T	NA	0.9979328195665608	-0.00206932	0.0003419157724266559	3.14755e-09
rs6910233	6	33534726	T	NA	0.998493815436231	-0.00150732	0.00015446353202578291	5.72211e-21
rs9469540	6	33619920	T	NA	1.0012780059544875	0.00127719	0.00015214448012070643	4.517699999999997e-16
rs2281916	6	33655173	C	NA	0.9988676016474605	-0.00113304	0.0001644708093134566	1.9091e-11
rs36101795	6	33690691	T	NA	1.004366153996461	0.00435665	0.0005455940530432495	9.86265e-15
rs2281820	6	33768897	G	NA	0.9985839934846314	-0.00141701	0.00015190517733263908	2.37022e-19
rs115572255	6	33788572	T	NA	1.0101623898915926	0.0101111	0.00038927445167318236	1.0706999999999989e-130
rs6457742	6	33820059	T	NA	1.001100695320953	0.00110009	0.000154197506330113	3.82848e-12
rs4713711	6	33846143	C	NA	1.001297300767567	0.00129646	0.00016645341273844978	4.1200599999999997e-14
rs2274153	6	33857482	A	NA	1.0019203715561857	0.00191853	0.0001862304304404259	4.1558599999999996e-23
rs12174422	6	33886554	T	NA	1.000937239935111	0.000936801	0.00016694438727529008	3.6624199999999995e-08
rs62398145	6	34156790	C	NA	1.0045399545080047	0.00452968	0.0005079889021771214	7.22438e-18
rs79039433	6	34539203	A	NA	1.005023284601139	0.00501071	0.000594060175560086	3.3152800000000005e-16
rs114465870	6	34815102	T	NA	1.004849933036548	0.00483821	0.0006029457537766099	7.38941e-15
rs9462057	6	35144704	A	NA	1.0044014580872398	0.0043918	0.0005688601038886072	6.72619e-14
rs6457821	6	35402805	A	NA	1.0041266412317653	0.00411815	0.0005908346230848302	1.1289000000000002e-11
rs59520042	6	35667398	A	NA	1.0034877380532703	0.00348167	0.000617736169223519	3.2050700000000004e-08
rs928722	6	137973832	T	NA	1.0012409493412238	0.00124018	0.00018245899370095787	3.44241e-11
rs12969241	18	12842480	T	NA	1.0014138986134633	0.0014129	0.00023083241225526268	2.11521e-09
