SNP,CHR,BP,effect_allele,other_allele,OR,beta,se,P
rs876938,1,2523212,G,C,1.11,0.10436001532424286,0.013661677215607265,1.2e-13
rs761426,1,17413899,A,T,0.9,-0.10536051565782628,0.01716154730502466,1.9e-09
rs2301888,1,17672730,A,G,0.88,-0.12783337150988489,0.014106589656713676,2.2000000000000002e-18
rs28411352,1,38278579,T,C,1.12,0.11332868530700327,0.015864507743075847,3.6000000000000016e-12
rs12128454,1,113910209,T,C,0.78,-0.2484613592984996,0.02155848526514274,2.6000000000000004e-28
rs72687973,1,114093421,A,T,1.19,0.17395330712343798,0.01406594169535314,3.2999999999999997e-32
rs2476599,1,114363459,A,G,0.89,-0.11653381625595151,0.01568048339233653,5.099999999999999e-13
rs2476601,1,114377568,A,G,1.81,0.5933268452777344,0.021289193725595307,9.999999999999995e-150
rs4129267,1,154426264,T,C,0.92,-0.08338160893905101,0.013819414245447938,3.5e-09
rs2317231,1,157686337,T,G,1.08,0.0769610411361284,0.013731752336871015,3.7999999999999996e-08
rs1557121,1,173353881,T,C,0.9,-0.10536051565782628,0.01641300568187083,3.6000000000000005e-10
rs10175798,2,30449594,A,G,1.09,0.08617769624105241,0.014465048175538564,5.4e-09
rs34695944,2,61124850,T,C,0.89,-0.11653381625595151,0.01547830522709432,2.6e-13
rs1858036,2,65598241,A,G,1.12,0.11332868530700327,0.014240028194802464,1.2e-14
rs6712515,2,100806514,T,C,1.11,0.10436001532424286,0.012984097767870227,6.7e-15
rs11889341,2,191943742,T,C,1.14,0.131028262406404,0.014234564530129588,6.7e-19
rs7426056,2,204612058,A,G,1.12,0.11332868530700327,0.016178820287112334,9e-12
rs3087243,2,204738919,A,G,0.87,-0.13926206733350766,0.013721484389267388,1.7e-22
rs3906814,3,17011474,G,C,1.08,0.0769610411361284,0.012348247665646966,1.1e-09
rs34269949,3,27769551,A,C,0.92,-0.08338160893905101,0.014674769045035363,2.5e-08
rs73081554,3,58302935,T,C,1.18,0.16551443847757333,0.029720709682493796,4.5999999999999995e-08
rs7679089,4,10726218,A,G,0.91,-0.09431067947124129,0.016363615014622895,1.6e-08
rs6448434,4,26110113,A,G,1.15,0.13976194237515863,0.01629639883134234,1.1000000000000001e-16
rs7731626,5,55444683,A,G,0.83,-0.18632957819149348,0.017766604981330356,7.299999999999998e-24
rs2561477,5,102608924,A,G,0.92,-0.08338160893905101,0.013581534004862268,1.9e-09
rs9392525,6,435677,T,C,0.93,-0.07257069283483537,0.012478998988286406,1.2e-08
rs6901118,6,26399586,T,C,0.83,-0.18632957819149348,0.030393739451558825,2e-09
rs7750131,6,26489006,G,C,1.11,0.10436001532424286,0.016917452960751322,1.6e-09
rs6903982,6,27545744,T,C,1.15,0.13976194237515863,0.024716276972596173,2.8999999999999998e-08
rs6456804,6,27985388,T,G,0.84,-0.1743533871447778,0.019787860863128896,1.7000000000000002e-17
rs1778477,6,28248594,A,T,1.2,0.1823215567939546,0.017912518109953805,1.3e-22
rs28381664,6,28776360,T,G,0.82,-0.19845093872383832,0.024665049814658644,6.3e-15
rs6933672,6,28941688,A,G,0.81,-0.21072103131565253,0.02610618014055886,5.2e-15
rs12663679,6,28990049,T,C,0.89,-0.11653381625595151,0.0168490429576022,1.6e-11
rs41317763,6,29175707,T,C,1.21,0.1906203596086497,0.024751411123491458,7.699999999999999e-14
rs3117434,6,29263750,A,G,0.9,-0.10536051565782628,0.01589674877267045,1e-10
rs35724348,6,29439543,A,G,1.25,0.22314355131420976,0.027117081237741775,1.6e-15
rs12527959,6,29537426,T,C,1.17,0.1570037488096647,0.016393558155635365,2.7999999999999997e-20
rs9258164,6,29688869,A,G,0.9,-0.10536051565782628,0.018692644613661522,3.2e-08
rs4713242,6,29718220,A,G,1.22,0.19885085874516517,0.013732891489091063,4.1e-43
rs7764777,6,29760149,T,G,0.86,-0.15082288973458366,0.01880470804952451,7.6e-15
rs67281546,6,29784074,A,G,0.84,-0.1743533871447778,0.018937598030817217,6.6e-19
rs9295826,6,29970927,T,C,1.17,0.1570037488096647,0.013650321671549698,3.3e-28
rs3869066,6,30003764,A,G,0.82,-0.19845093872383832,0.03114575673737158,4.8e-10
rs9261224,6,30013887,T,C,0.85,-0.16251892949777494,0.021616659846892993,2.8e-13
rs2240069,6,30075641,A,G,0.87,-0.13926206733350766,0.017289577997204986,5.9e-15
rs9378220,6,30077135,A,C,0.91,-0.09431067947124129,0.016217329995522473,1.2e-08
rs4713305,6,30252836,A,T,0.79,-0.23572233352106983,0.013868855949032489,3.2999999999999996e-58
rs17875360,6,30455321,T,C,1.12,0.11332868530700327,0.01918628602775181,7.2e-09
rs1140809,6,30611676,A,C,0.83,-0.18632957819149348,0.0128819954114069,5e-43
rs9262138,6,30627867,T,C,1.22,0.19885085874516517,0.034193688501064565,1.2e-08
rs62400982,6,30805446,A,G,1.82,0.598836501088704,0.02780845930453231,3.2999999999999996e-91
rs3095350,6,30817866,A,G,0.9,-0.10536051565782628,0.013011929277391943,4.3e-15
rs2249464,6,30888161,T,C,0.88,-0.12783337150988489,0.013424509442489463,4.5e-20
rs9262456,6,30974468,A,G,0.88,-0.12783337150988489,0.018166720038304343,7.3e-12
rs7739491,6,30979203,A,C,1.18,0.16551443847757333,0.01402810078950704,1.4999999999999993e-29
rs9262568,6,31011373,A,G,0.71,-0.342490308946776,0.024665750702698705,7e-40
rs2523887,6,31040725,A,G,1.14,0.131028262406404,0.016343863755244322,7.8e-15
rs9263717,6,31096526,A,G,1.22,0.19885085874516517,0.01647238067773711,8.2e-31
rs1265096,6,31106489,A,G,1.62,0.4824261492442928,0.02448086060814848,5.099999999999999e-77
rs3132497,6,31208591,T,G,1.19,0.17395330712343798,0.016629029521078243,9.400000000000001e-24
rs9380234,6,31248568,A,G,1.24,0.2151113796169455,0.024067975268122405,6.1e-18
rs9295971,6,31281362,T,G,0.84,-0.1743533871447778,0.03076198797199063,2.7e-08
rs2596543,6,31365547,A,G,0.77,-0.2613647641344075,0.017458949598284673,7.1e-46
rs62395307,6,31429512,A,G,1.26,0.23111172096338664,0.028307006821326218,2.6e-15
rs67068100,6,31429913,G,C,0.72,-0.3285040669720361,0.026031884384266464,2e-33
rs2523668,6,31438096,A,C,1.53,0.4252677354043441,0.017397882408699127,2.799999999999998e-116
rs3828893,6,31448653,A,G,1.18,0.16551443847757333,0.02716887292016325,2.5e-09
rs2242955,6,31474280,A,G,1.25,0.22314355131420976,0.01829381946905222,2.1e-31
rs9380260,6,31475655,A,G,1.1,0.09531017980432493,0.015252856863008736,1e-09
rs2844509,6,31510924,A,G,1.22,0.19885085874516517,0.016150252563490133,6e-32
rs3130062,6,31525912,T,C,1.28,0.2468600779315258,0.031415669053118205,2.5e-14
rs3763295,6,31587938,A,G,0.85,-0.16251892949777494,0.016041044244667874,1.9999999999999999e-22
rs2844463,6,31615167,A,G,0.74,-0.3011050927839216,0.02036779352446779,8.2e-45
rs707939,6,31726688,A,C,1.41,0.34358970439007686,0.01246321025546179,1.3e-146
rs41267086,6,31847636,A,G,0.65,-0.4307829160924542,0.03105989874635616,8.499999999999998e-40
rs17207748,6,31863168,T,C,0.71,-0.342490308946776,0.028097433137231592,2.3e-31
rs1042663,6,31905130,A,G,0.63,-0.4620354595965587,0.025316904861139165,1.399999999999999e-66
rs6902493,6,32022898,T,C,1.44,0.36464311358790924,0.012874299872024387,1.7999999999999985e-154
rs9296009,6,32114515,A,T,0.59,-0.527632742082372,0.01451607504982159,9.999999999999985e-251
rs404860,6,32184345,T,C,0.86,-0.15082288973458366,0.01550678732136211,7.600000000000001e-21
rs2267644,6,32192560,A,G,1.42,0.35065687161316933,0.029317800512968152,2.7000000000000006e-30
rs419132,6,32210799,A,G,1.41,0.34358970439007686,0.015073908560988948,1.0999999999999995e-101
rs3129910,6,32328296,T,C,0.7,-0.35667494393873245,0.012864971712695749,3.199999999999997e-148
rs2294880,6,32367722,A,G,0.55,-0.5978370007556204,0.016447513731386323,9.999999999999985e-251
rs73400844,6,32371572,A,G,1.68,0.5187937934151675,0.024617556254591725,1.6e-87
rs2157333,6,32392591,T,C,1.54,0.43178241642553783,0.014083510472124102,4.399999999999995e-180
rs9275293,6,32663308,T,C,0.48,-0.7339691750802004,0.020192741617343593,9.999999999999985e-251
rs17206147,6,32665311,T,C,0.67,-0.40047756659712525,0.015861256606126577,9.3e-124
rs3135002,6,32668439,A,C,0.52,-0.6539264674066639,0.019972735542213075,1.3999999999999982e-204
rs7765379,6,32680928,T,G,0.53,-0.6348782724359695,0.01746658217950935,9.999999999999985e-251
rs2894381,6,32682228,A,G,0.66,-0.4155154439616658,0.015595561710129878,2.8999999999999984e-137
rs4496840,6,32709990,T,C,0.67,-0.40047756659712525,0.015608384751361969,1.1999999999999989e-127
rs57952004,6,32732585,T,C,1.16,0.14842000511827322,0.02643443389262216,3.6e-08
rs28986407,6,32755034,A,G,1.31,0.2700271372130602,0.029948196898871387,3.2e-18
rs7383287,6,32783086,A,G,1.34,0.29266961396282004,0.018264534581789848,4.2000000000000005e-52
rs73410773,6,32789702,A,G,1.52,0.41871033485818504,0.02343880173840488,6.099999999999997e-64
rs3819715,6,32804219,T,G,0.83,-0.18632957819149348,0.014156144214745882,4e-36
rs61130305,6,32828141,A,G,1.23,0.20701416938432612,0.027775416964464162,4.4e-13
rs150360,6,32922078,A,G,1.22,0.19885085874516517,0.012954501413082308,4.5e-48
rs3128947,6,32965062,A,G,0.63,-0.4620354595965587,0.01782467532498863,3.499999999999998e-130
rs86567,6,32976759,T,G,0.93,-0.07257069283483537,0.012772098911737938,2.5e-08
rs414532,6,32989858,A,G,0.88,-0.12783337150988489,0.019619210443827702,2e-10
rs3097648,6,32990970,A,T,1.4,0.3364722366212129,0.024633727082798002,1.1e-38
rs3130182,6,33023579,A,G,0.8,-0.2231435513142097,0.016532792694353947,7.699999999999999e-38
rs376877,6,33024606,G,C,0.9,-0.10536051565782628,0.01610486319060032,1.7e-10
rs2856822,6,33047432,A,C,1.36,0.3074846997479607,0.013630545995974103,1.0999999999999994e-99
rs3130192,6,33061930,T,C,1.18,0.16551443847757333,0.02085240313891795,1.3999999999999999e-14
rs3129229,6,33112576,T,C,0.86,-0.15082288973458366,0.017294269705711827,3.4999999999999996e-17
rs1704998,6,33204861,A,C,1.37,0.3148107398400336,0.0194420366143011,3.8999999999999983e-53
rs72887765,6,33269770,A,G,1.58,0.4574248470388755,0.03136778075647039,1.1e-43
rs68191,6,33480738,T,C,1.32,0.27763173659827955,0.025612914854646354,2.5000000000000003e-25
rs11756772,6,33532820,T,C,0.84,-0.1743533871447778,0.019035400176618367,9.8e-19
rs55774724,6,33589332,T,C,1.14,0.131028262406404,0.023197429617233933,3e-08
rs2274197,6,33645115,T,G,1.1,0.09531017980432493,0.015857697570477884,4e-09
rs2296330,6,33650621,A,G,1.24,0.2151113796169455,0.013784575791555034,1.4000000000000002e-49
rs35964955,6,33770532,A,G,0.87,-0.13926206733350766,0.019296015221538884,2.2e-12
rs4711363,6,33852948,A,G,1.13,0.12221763272424911,0.015869547619720818,7.699999999999999e-14
rs1885205,6,36350992,A,G,1.15,0.13976194237515863,0.022656340922227985,1.6e-09
rs3799962,6,44228452,A,G,1.11,0.10436001532424286,0.017613822337414577,6.5e-09
rs2233424,6,44233921,T,C,1.26,0.23111172096338664,0.02514851391507841,7.6e-19
rs6927172,6,138002175,G,C,1.17,0.1570037488096647,0.017131870059750295,9.4e-19
rs7753873,6,138173422,A,C,0.86,-0.15082288973458366,0.022513950741869435,6.4e-11
rs2485363,6,159506121,T,G,0.9,-0.10536051565782628,0.016170191748414123,2e-10
rs1079145,6,167360724,A,G,0.89,-0.11653381625595151,0.019246582609492153,3.1e-09
rs1571878,6,167540842,T,C,0.86,-0.15082288973458366,0.012691348675533922,6.1000000000000005e-30
rs3778754,7,128575552,G,C,1.11,0.10436001532424286,0.01341459576002162,4.4e-14
rs2736337,8,11341880,T,C,0.9,-0.10536051565782628,0.014839039633467206,4.8e-12
rs11574914,9,34710338,A,G,1.12,0.11332868530700327,0.01499178091873971,2.1e-13
rs1953126,9,123640500,T,C,1.09,0.08617769624105241,0.01379135018155712,1e-09
rs706778,10,6098949,T,C,1.09,0.08617769624105241,0.013131946256854751,1.5e-10
rs947474,10,6390450,A,G,1.11,0.10436001532424286,0.018070571798577687,1.5e-08
rs7902146,10,63801030,T,C,0.87,-0.13926206733350766,0.01464346706690461,5e-20
rs4409785,11,95311422,T,C,0.9,-0.10536051565782628,0.018653175288451694,3e-08
rs7945144,11,118608716,A,G,1.14,0.131028262406404,0.01636435370967329,8.4e-15
rs61432431,11,128322622,T,C,0.91,-0.09431067947124129,0.016797260044992855,3.6e-08
rs73013527,11,128496952,T,C,0.91,-0.09431067947124129,0.01422259830358919,9.8e-11
rs705699,12,56384804,A,G,0.92,-0.08338160893905101,0.013190937446264447,6.5e-10
rs9603616,13,40368069,T,C,0.9,-0.10536051565782628,0.014825629482812382,4.6e-12
rs3784099,14,68749927,A,G,0.91,-0.09431067947124129,0.014954902675656466,7.099999999999999e-10
rs1595260,14,69267695,A,T,0.92,-0.08338160893905101,0.014546212748044428,1.8999999999999998e-08
rs8032939,15,38834033,T,C,0.89,-0.11653381625595151,0.013895053416584827,4.8e-16
rs71404230,15,70002283,A,G,0.83,-0.18632957819149348,0.02601931834852157,3.2e-12
rs7170107,15,70010647,T,C,1.16,0.14842000511827322,0.016346351408145474,1.9e-18
rs9927316,16,86016401,G,C,1.11,0.10436001532424286,0.015679720684195677,8.4e-11
rs8075737,17,37727316,T,C,0.9,-0.10536051565782628,0.018348985495426087,1.8e-08
rs12232497,17,38040119,T,C,0.91,-0.09431067947124129,0.013028274481947483,1.9e-12
rs7241016,18,12880206,A,G,0.88,-0.12783337150988489,0.015441982552979313,1.1e-15
rs34725611,19,10477067,A,G,1.09,0.08617769624105241,0.014952481013199681,1.6e-08
rs4239702,20,44749251,T,C,0.89,-0.11653381625595151,0.014571141710718096,9.000000000000001e-15
rs8133843,21,36738242,A,G,1.09,0.08617769624105241,0.01389024665571402,1.3e-09
rs11203201,21,43823726,G,C,1.1,0.09531017980432493,0.016975276650365554,3.6e-08
rs909685,22,39747671,A,T,1.12,0.11332868530700327,0.01466181146446963,6.3e-14
