CHROM	POS	RSID	Dark	Light	Ref	Alt	Anc	Der	Minor	Major	Beta	SE	p	NearestGene	Pop	Source
1	7731730	rs4908473	T	C	T	C	C	T	C	T	-0.013924	0.00253789	4.10E-08	CAMTA1	EUR	UKBiobank
1	7879778	rs143075778	C	T	C	T	C	T	T	C	-0.0442343	0.00775501	1.17E-08	PER3	EUR	UKBiobank
1	8207579	rs80293268	G	C	G	C	G	C	C	G	-0.0315936	0.00336917	6.81E-21	LINC01714	EUR	UKBiobank
1	25259884	rs3845302	C	G	C	G	G	C	C	G	-0.00793736	0.00139184	1.18E-08	RUNX3	EUR	UKBiobank
1	42110888	rs6696511	T	C	T	C	C	T	T	C	-0.0085002	0.00141927	2.11E-09	HIVEP3	EUR	UKBiobank
1	63727542	rs670318	C	T	T	C	C	T	T	C	0.0252631	0.00317301	1.70E-15	LINC00466	EUR	UKBiobank
1	66888542	rs1308048	C	T	T	C	C	T	C	T	0.0150172	0.0013941	4.71E-27	PDE4B	EUR	UKBiobank
1	110724488	rs535930	G	A	G	A	A	G	G	A	-0.0162677	0.00138236	5.78E-32	SLC6A17	EUR	UKBiobank
1	150539867	rs932054	C	G	C	G	C	G	C	G	-0.00797892	0.00138165	7.70E-09	ADAMTSL4-AS1	EUR	UKBiobank
1	150789961	rs3894771	T	A	A	T	T	A	T	A	0.00958103	0.00138061	3.94E-12	ARNT	EUR	UKBiobank
1	170445224	rs1591147	C	T	T	C	T	C	T	C	0.00876859	0.00140075	3.86E-10	LOC101928650	EUR	UKBiobank
1	185764819	rs1322358	A	G	G	A	A	G	A	G	0.0077403	0.00138219	2.14E-08	HMCN1	EUR	UKBiobank
1	205130413	rs3851294	G	A	A	G	G	A	A	G	0.0236888	0.00236895	1.54E-23	DSTYK	EUR	UKBiobank
10	64564892	rs2236295	T	G	G	T	G	T	T	G	0.0083167	0.00140211	3.00E-09	ADO	EUR	UKBiobank
10	82089493	rs55901776	T	G	T	G	T	G	G	T	-0.00807802	0.00137418	4.15E-09	DYDC1	EUR	UKBiobank
10	102103508	rs56014906	G	A	A	G	A	G	G	A	0.00909869	0.00142228	1.58E-10	SCD	EUR	UKBiobank
10	119572403	rs35563099	T	C	C	T	C	T	T	C	0.0282674	0.00186947	1.23E-51	RAB11FIP2	EUR	UKBiobank
11	16172750	rs10766298	G	A	G	A	G	A	A	G	-0.0113707	0.00138523	2.25E-16	SOX6	EUR	UKBiobank
11	16305351	rs12277740	A	G	G	A	G	A	A	G	0.0182585	0.00287168	2.04E-10	SOX6	EUR	UKBiobank
11	16618307	rs10832648	A	C	C	A	C	A	A	C	0.0144607	0.00172691	5.60E-17	SOX6	EUR	UKBiobank
11	18352685	rs11024622	C	G	C	G	C	G	C	G	-0.00853188	0.00140947	1.42E-09	GTF2H1	EUR	UKBiobank
11	61100075	rs2512811	G	A	G	A	G	A	G	A	-0.11841	0.0178123	2.98E-11	DDB1	EUR	UKBiobank
11	68030633	rs79289577	T	C	T	C	T	C	C	T	-0.0197577	0.00290417	1.02E-11	C11orf24	EUR	UKBiobank
11	68286865	rs17601605	A	T	A	T	A	T	T	A	-0.0341443	0.00384505	6.71E-19	PPP6R3	EUR	UKBiobank
11	68448137	rs113002363	T	C	C	T	C	T	T	C	0.0212985	0.00363059	4.46E-09	GAL	EUR	UKBiobank
11	68663952	rs76789024	C	T	C	T	C	T	T	C	-0.0320959	0.00373894	9.18E-18	MRPL21	EUR	UKBiobank
11	68817897	rs150527451	G	A	G	A	G	A	A	G	-0.0631435	0.00223101	5.03E-176	TPCN2	EUR	UKBiobank
11	68933696	rs1551302	A	C	C	A	A	C	A	C	0.023653	0.00139696	2.78E-64	LOC338694	EUR	UKBiobank
11	69081182	rs72932108	T	C	T	C	C	T	C	T	-0.0128858	0.00141376	7.94E-20	MYEOV	EUR	UKBiobank
11	69214994	rs72940444	G	T	G	T	G	T	T	G	-0.0283723	0.00277568	1.60E-24	LOC102724265	EUR	UKBiobank
11	69334714	rs71464370	A	T	T	A	A	T	T	A	0.0108713	0.00163718	3.14E-11	LINC01488	EUR	UKBiobank
11	69445289	rs117009865	G	A	G	A	G	A	A	G	-0.0563462	0.00986825	1.13E-08	CCND1	EUR	UKBiobank
11	78133077	rs2063724	C	T	T	C	C	T	C	T	0.0186482	0.00183082	2.31E-24	LOC101928865	EUR	UKBiobank
11	87863300	rs188509740	G	T	T	G	T	G	G	T	0.0486134	0.00886047	4.10E-08	RAB38	EUR	UKBiobank
11	88073902	rs4753048	C	T	T	C	T	C	C	T	0.0246744	0.00181082	2.87E-42	CTSC	EUR	UKBiobank
11	88226396	rs7937452	C	T	C	T	C	T	T	C	-0.0256227	0.00195845	4.20E-39	GRM5-AS1	EUR	UKBiobank
11	88384228	rs75610337	A	C	A	C	A	C	C	A	-0.0475617	0.00504321	4.09E-21	GRM5	EUR	UKBiobank
11	88536451	rs71469216	G	C	G	C	G	C	C	G	-0.049549	0.00157364	2.61E-217	GRM5	EUR	UKBiobank
11	88669806	rs181089089	A	T	T	A	T	A	A	T	0.063625	0.00757806	4.64E-17	GRM5	EUR	UKBiobank
11	88791508	rs7118021	G	A	G	A	G	A	A	G	-0.0553431	0.00158218	1.34E-267	GRM5	EUR	UKBiobank
11	88906587	rs79187672	C	T	T	C	T	C	C	T	0.0682975	0.00697504	1.23E-22	TYR	EUR	UKBiobank
11	89017961	rs1126809	G	A	G	A	G	A	A	G	-0.071804	0.0014828	0	TYR	EUR	UKBiobank
11	89198778	rs116956736	G	A	A	G	A	G	G	A	0.0493644	0.00592539	8.04E-17	NOX4	EUR	UKBiobank
11	89337603	rs116971302	T	G	T	G	T	G	G	T	-0.0462726	0.0023117	4.41E-89	NOX4	EUR	UKBiobank
11	89440542	rs75836696	A	C	C	A	C	A	A	C	0.055465	0.0097511	1.29E-08	TRIM77	EUR	UKBiobank
11	89546537	rs12363795	A	C	C	A		C	A	C	0.0247122	0.00348862	1.41E-12	TRIM49	EUR	UKBiobank
11	89832266	rs141950465	C	T	C	T		C	T	C	-0.0344092	0.00224896	7.94E-53	UBTFL1	EUR	UKBiobank
11	90103986	rs10830489	C	G	G	C	C	G	C	G	0.0182623	0.00169385	4.25E-27	DISC1FP1	EUR	UKBiobank
11	90313981	rs148691905	A	C	A	C	A	C	C	A	-0.0303541	0.00248661	2.90E-34	DISC1FP1	EUR	UKBiobank
11	90604217	rs61911781	G	A	G	A	G	A	A	G	-0.0235461	0.00305753	1.35E-14	DISC1FP1	EUR	UKBiobank
11	90712700	rs117338371	A	G	G	A	G	A	A	G	0.0209533	0.0035561	3.81E-09	DISC1FP1	EUR	UKBiobank
11	90878459	rs564435860	G	A	G	A	G	A	A	G	-0.0726552	0.0130626	2.67E-08	DISC1FP1	EUR	UKBiobank
11	91329421	rs182076902	A	G	A	G	A	G	G	A	-0.0776798	0.0129126	1.79E-09	DISC1FP1	EUR	UKBiobank
12	23979791	rs9971729	C	A	A	C	C	A	A	C	0.00912949	0.00139066	5.21E-11	SOX5	EUR	UKBiobank
12	41097386	rs2405295	T	G	G	T	T	G	G	T	0.0107342	0.00144468	1.09E-13	CNTN1	EUR	UKBiobank
12	47005736	rs7315480	T	A	A	T	T	A	A	T	0.00786877	0.00140053	1.93E-08	LOC100288798	EUR	UKBiobank
12	65277530	rs1147083	A	T	A	T	T	A	T	A	-0.00799009	0.00144455	3.18E-08	FLJ41278	EUR	UKBiobank
12	85084820	rs117248105	A	G	A	G	A	G	G	A	-0.0269188	0.00492571	4.63E-08	SLC6A15	EUR	UKBiobank
12	85527065	rs75622976	T	C	T	C	T	C	C	T	-0.0216126	0.00322761	2.14E-11	LRRIQ1	EUR	UKBiobank
12	85814460	rs73167808	A	G	A	G	A	G	G	A	-0.0147386	0.00234078	3.05E-10	ALX1	EUR	UKBiobank
12	86102321	rs79748038	T	C	T	C	T	C	C	T	-0.0211295	0.00327235	1.07E-10	RASSF9	EUR	UKBiobank
12	86548509	rs78621035	T	C	T	C	T	C	C	T	-0.0253243	0.00323563	5.02E-15	MGAT4C	EUR	UKBiobank
12	86931054	rs145055861	C	T	C	T	C	T	T	C	-0.0251485	0.0032425	8.79E-15	MGAT4C	EUR	UKBiobank
12	87268134	rs117747153	T	A	T	A	T	A	A	T	-0.0266648	0.0034592	1.28E-14	MGAT4C	EUR	UKBiobank
12	87566486	rs149522638	G	A	G	A	G	A	A	G	-0.0260938	0.00329376	2.34E-15	LOC105369879	EUR	UKBiobank
12	87971809	rs78559594	G	T	G	T	G	T	T	G	-0.0268806	0.00304706	1.13E-18	MKRN9P	EUR	UKBiobank
12	88406471	rs34404753	T	C	T	C	T	C	C	T	-0.0431617	0.00327638	1.27E-39	C12orf50	EUR	UKBiobank
12	88693151	rs68163138	A	G	A	G	A	G	G	A	-0.0423701	0.00305032	7.44E-44	TMTC3	EUR	UKBiobank
12	88926787	rs4842631	T	C	C	T	C	T	T	C	0.0210566	0.00218685	6.08E-22	KITLG	EUR	UKBiobank
12	89192954	rs11105058	A	G	G	A	G	A	A	G	0.0299766	0.00541597	3.12E-08	LOC728084	EUR	UKBiobank
12	89328335	rs12821256	T	C	T	C	T	C	C	T	-0.0361791	0.00211596	1.63E-65	LOC728084	EUR	UKBiobank
12	89656488	rs35042370	C	T	C	T	C	T	T	C	-0.02869	0.00307905	1.19E-20	DUSP6	EUR	UKBiobank
12	90101939	rs71454166	C	A	C	A	C	A	A	C	-0.0170762	0.00280576	1.16E-09	ATP2B1-AS1	EUR	UKBiobank
12	90485617	rs61924662	G	A	G	A	G	A	A	G	-0.0104088	0.00143907	4.73E-13	LOC105369891	EUR	UKBiobank
12	116488883	rs61939674	G	T	G	T	G	T	T	G	-0.0146742	0.00251493	5.39E-09	MED13L	EUR	UKBiobank
12	116745298	rs113159861	G	A	G	A	G	A	A	G	-0.0139835	0.00226645	6.85E-10	MED13L	EUR	UKBiobank
12	125389272	rs7304293	C	T	T	C	T	C	T	C	0.0112747	0.00163579	5.49E-12	UBC	EUR	UKBiobank
13	78378318	rs1279395	A	G	A	G	G	A	A	G	-0.00914492	0.00140359	7.26E-11	EDNRB-AS1	EUR	UKBiobank
13	95088535	rs1886048	G	T	T	G	G	T	T	G	0.0121583	0.00195406	4.91E-10	DCT	EUR	UKBiobank
13	95203277	rs1891100	C	T	C	T	C	T	T	C	-0.0210895	0.0014837	7.71E-46	DCT	EUR	UKBiobank
13	113532990	rs1278761	T	C	T	C	C	T	T	C	-0.0183043	0.00138099	4.34E-40	ATP11A	EUR	UKBiobank
14	50655357	rs72681869	C	G	G	C	G	C	C	G	0.0431727	0.00652007	3.56E-11	SOS2	EUR	UKBiobank
14	92544769	rs142189632	T	C	C	T	C	T	T	C	0.0131997	0.00209923	3.22E-10	ATXN3	EUR	UKBiobank
14	92672884	rs536796893	T	C	T	C	T	C	C	T	-0.0490078	0.00755903	8.98E-11	CPSF2	EUR	UKBiobank
14	92776825	rs941799	C	T	C	T	C	T	T	C	-0.0439272	0.00137623	3.07E-223	SLC24A4	EUR	UKBiobank
14	92923947	rs17184250	T	C	C	T	C	T	T	C	0.0112156	0.00146103	1.64E-14	SLC24A4	EUR	UKBiobank
14	103849715	rs35443927	C	T	C	T	C	T	T	C	-0.00786639	0.00142039	3.06E-08	MARK3	EUR	UKBiobank
15	25957002	rs112322156	G	A	G	A	G	A	A	G	-0.016404	0.00282529	6.40E-09	ATP10A	EUR	UKBiobank
15	27622651	rs150039259	C	T	C	T	C	T	T	C	-0.10105	0.0166718	1.35E-09	GABRG3	EUR	UKBiobank
15	27770751	rs145133130	G	C	G	C	G	C	C	G	-0.0506389	0.00671942	4.85E-14	GABRG3	EUR	UKBiobank
15	27900622	rs576744900	A	G	A	G	A	G	G	A	-0.164602	0.0182606	2.00E-19	OCA2	EUR	UKBiobank
15	28041307	rs11630219	C	G	C	G	C	G	G	C	-0.0241207	0.00148721	3.90E-59	OCA2	EUR	UKBiobank
15	28230247	rs121918166	C	T	C	T	C	T	T	C	-0.235598	0.00722956	1.33E-232	OCA2	EUR	UKBiobank
15	28365618	rs12913832	A	G	A	G	A	G	A	G	-0.200852	0.00164118	0	HERC2	EUR	UKBiobank
15	28534777	rs117325217	T	C	C	T	C	T	T	C	0.177463	0.00467027	2.62421999913978e-315	HERC2	EUR	UKBiobank
15	29014565	rs1514047	C	G	C	G		C	G	C	-0.0285708	0.00147615	2.04E-83	WHAMMP2	EUR	UKBiobank
15	29209775	rs60959391	C	T	T	C	T	C	C	T	0.0396313	0.00435476	9.02E-20	APBA2	EUR	UKBiobank
15	29332198	rs12912104	G	A	G	A	G	A	A	G	-0.0176754	0.00158258	5.87E-29	APBA2	EUR	UKBiobank
15	31395346	rs28441327	T	C	C	T	C	T	T	C	0.0172523	0.00177682	2.76E-22	TRPM1	EUR	UKBiobank
15	48400199	rs2675345	G	A	A	G	G	A	G	A	0.275262	0.0215055	1.68E-37	SLC24A5	EUR	UKBiobank
15	50276245	rs57249121	C	T	T	C	T	C	C	T	0.00978283	0.0016762	5.34E-09	ATP8B4	EUR	UKBiobank
15	81526279	rs72744156	C	T	C	T	C	T	T	C	-0.0103377	0.00171554	1.68E-09	IL16	EUR	UKBiobank
15	82432715	rs2665103	C	T	T	C	T	C	C	T	0.00938559	0.00141988	3.84E-11	EFL1	EUR	UKBiobank
15	83383187	rs28371837	T	G	T	G	T	G	G	T	-0.0110482	0.00172275	1.43E-10	LOC338963	EUR	UKBiobank
15	83741668	rs58932840	A	T	A	T	A	T	T	A	-0.00840286	0.00149848	2.05E-08	MIR4515	EUR	UKBiobank
15	91116386	rs12901150	G	T	T	G	T	G	T	G	0.0101004	0.0016064	3.23E-10	CRTC3	EUR	UKBiobank
16	71639533	rs9302625	G	T	G	T	T	G	G	T	-0.0111132	0.00144745	1.62E-14	MARVELD3	EUR	UKBiobank
16	71892531	rs8046859	C	T	C	T	T	C	C	T	-0.011231	0.00154962	4.25E-13	ZNF821	EUR	UKBiobank
16	85617601	rs185194405	C	T	C	T	C	T	T	C	-0.0409998	0.00705383	6.16E-09	GSE1	EUR	UKBiobank
16	88195227	rs184750324	T	G	T	G	T	G	G	T	-0.102654	0.014418	1.08E-12	LOC101928880	EUR	UKBiobank
16	88327176	rs117043067	G	C	G	C	G	C	C	G	-0.0294656	0.00471476	4.12E-10	LOC101928880	EUR	UKBiobank
16	88452587	rs368927251	C	T	C	T	C	T	T	C	-0.0785599	0.0114384	6.52E-12	ZNF469	EUR	UKBiobank
16	88560585	rs188257332	G	C	G	C	G	C	C	G	-0.110661	0.0137645	9.04E-16	ZFPM1	EUR	UKBiobank
16	88704329	rs11465486	C	T	C	T	C	T	T	C	-0.0684739	0.00331319	7.80E-95	IL17C	EUR	UKBiobank
16	88867739	rs480474	C	T	T	C	T	C	C	T	0.0322651	0.00269884	6.19E-33	CDT1	EUR	UKBiobank
16	88981377	rs542857381	C	T	C	T	C	T	T	C	-0.132566	0.00394313	2.13E-247	CBFA2T3	EUR	UKBiobank
16	89085743	rs112584165	A	G	A	G	A	G	G	A	-0.172085	0.00532538	9.54E-229	CBFA2T3	EUR	UKBiobank
16	89213552	rs573484650	C	G	C	G	C	G	G	C	-0.212946	0.0136708	1.09E-54	ACSF3	EUR	UKBiobank
16	89395438	rs113955902	G	A	G	A	G	A	A	G	-0.192875	0.00250335	0	ANKRD11	EUR	UKBiobank
16	89536474	rs147981183	T	C	C	T	C	T	T	C	0.0751416	0.00345149	5.15E-105	ANKRD11	EUR	UKBiobank
16	89647951	rs352936	C	G	G	C	C	G	G	C	0.0928773	0.00195865	0	CPNE7	EUR	UKBiobank
16	89818732	rs12931267	C	G	C	G	C	G	G	C	-0.222647	0.00221462	0	FANCA	EUR	UKBiobank
16	89986117	rs1805007	C	T	C	T	C	T	T	C	-0.229793	0.00219307	0	MC1R	EUR	UKBiobank
16	90088437	rs2241039	A	G	G	A	A	G	A	G	0.0670604	0.00143241	0	GAS8	EUR	UKBiobank
17	45595083	rs113046939	C	T	C	T	C	T	T	C	-0.0106975	0.00195308	4.32E-08	NPEPPS	EUR	UKBiobank
17	45930540	rs2074186	G	T	G	T	G	T	G	T	-0.013322	0.00138955	9.09E-22	SP6	EUR	UKBiobank
17	46298235	rs7214931	A	G	A	G	A	G	A	G	-0.00892232	0.00140749	2.31E-10	SKAP1	EUR	UKBiobank
17	48411466	rs2526524	G	A	A	G	G	A	A	G	0.00944809	0.00158487	2.50E-09	XYLT2	EUR	UKBiobank
17	57821430	rs8067354	A	G	G	A	A	G	A	G	0.00899289	0.00150038	2.05E-09	VMP1	EUR	UKBiobank
17	73319892	rs4402606	T	C	T	C	T	C	T	C	-0.00968176	0.00164048	3.60E-09	GRB2	EUR	UKBiobank
17	79467934	rs7208582	C	A	A	C	C	A	A	C	0.00905396	0.00147686	8.77E-10	ACTG1	EUR	UKBiobank
17	79621634	rs7405790	G	A	A	G		A	A	G	0.0134172	0.00140998	1.81E-21	PDE6G	EUR	UKBiobank
2	25398953	rs2028195	T	G	G	T	G	T	T	G	0.0101585	0.0016533	8.04E-10	POMC	EUR	UKBiobank
2	27730940	rs1260326	C	T	T	C	C	T	T	C	0.00950564	0.00140141	1.18E-11	GCKR	EUR	UKBiobank
2	28613302	rs71443018	G	C	G	C	G	C	C	G	-0.0226377	0.0029908	3.77E-14	FLJ31356	EUR	UKBiobank
2	32499150	rs449348	G	A	G	A	A	G	G	A	-0.00887251	0.00145453	1.06E-09	YIPF4	EUR	UKBiobank
2	32750879	rs2249109	G	A	G	A	A	G	G	A	-0.00825812	0.00144404	1.07E-08	BIRC6	EUR	UKBiobank
2	33001100	rs7584123	C	T	T	C	C	T	C	T	0.00911499	0.00141339	1.13E-10	TTC27	EUR	UKBiobank
2	38290743	rs11674584	C	T	T	C	T	C	C	T	0.0137861	0.00139544	5.15E-23	RMDN2	EUR	UKBiobank
2	38397347	rs72791158	A	G	A	G	A	G	G	A	-0.0227257	0.00370823	8.88E-10	CYP1B1-AS1	EUR	UKBiobank
2	43302571	rs10185673	G	A	G	A	G	A	A	G	-0.00909681	0.00147771	7.47E-10	LINC01819	EUR	UKBiobank
2	172378207	rs1558938	G	C	C	G	C	G	G	C	0.00924699	0.00141155	5.72E-11	CYBRD1	EUR	UKBiobank
2	222071255	rs17348118	A	G	A	G	A	G	G	A	-0.0136543	0.00164851	1.21E-16	EPHA4	EUR	UKBiobank
20	25195509	rs6050446	G	A	A	G	G	A	A	G	0.0315192	0.00386084	3.26E-16	ENTPD6	EUR	UKBiobank
20	25590744	rs242132	G	A	A	G	G	A	A	G	0.0321568	0.00382993	4.63E-17	NANP	EUR	UKBiobank
20	26273991	rs201475383	G	A	G	A		G	A	G	-0.033375	0.00388137	8.09E-18	MIR663AHG	EUR	UKBiobank
20	29539588	rs187067151	G	T	G	T		G	T	G	-0.0352443	0.00394522	4.15E-19	LINC01597	EUR	UKBiobank
20	29811317	rs6061054	G	T	T	G		T	T	G	0.0353059	0.00386261	6.25E-20	DEFB115	EUR	UKBiobank
20	30340607	rs146299514	C	T	C	T	C	T	T	C	-0.0372483	0.0038016	1.16E-22	TPX2	EUR	UKBiobank
20	30649834	rs1987960	C	T	T	C	C	T	T	C	0.0441817	0.00326876	1.28E-41	HCK	EUR	UKBiobank
20	31050805	rs1742982	G	T	T	G	G	T	T	G	0.0448576	0.00307605	3.73E-48	NOL4L	EUR	UKBiobank
20	31363367	rs55768819	C	T	C	T	C	T	T	C	-0.0598294	0.00299669	1.24E-88	DNMT3B	EUR	UKBiobank
20	31621354	rs74645632	T	A	T	A	T	A	A	T	-0.0734089	0.00286503	1.16E-144	BPIFB6	EUR	UKBiobank
20	31758850	rs6087461	C	G	G	C	G	C	C	G	0.0115619	0.0015294	4.05E-14	BPIFA2	EUR	UKBiobank
20	31940540	rs293712	A	G	G	A	A	G	A	G	0.0161853	0.00140605	1.17E-30	CDK5RAP1	EUR	UKBiobank
20	32067945	rs17401449	A	G	A	G	A	G	G	A	-0.102579	0.00239014	0	CBFA2T2	EUR	UKBiobank
20	32224797	rs80191902	C	G	G	C	G	C	C	G	0.0203678	0.00338386	1.76E-09	CBFA2T2	EUR	UKBiobank
20	32379263	rs2626551	C	T	T	C	C	T	T	C	0.0249818	0.00148157	9.11E-64	ZNF341	EUR	UKBiobank
20	32505658	rs62209647	G	C	G	C	G	C	C	G	-0.132185	0.00229957	0	CHMP4B	EUR	UKBiobank
20	32665748	rs6059655	G	A	A	G	G	A	A	G	0.130579	0.00226213	0	RALY	EUR	UKBiobank
20	32849416	rs1205312	G	A	A	G	G	A	A	G	0.129991	0.00233331	0	ASIP	EUR	UKBiobank
20	33045092	rs77385328	A	G	G	A	G	A	A	G	0.0281967	0.00314877	3.42E-19	ITCH	EUR	UKBiobank
20	33389660	rs62211613	T	C	T	C	T	C	C	T	-0.121737	0.00229542	0	NCOA6	EUR	UKBiobank
20	33576989	rs1885120	G	C	C	G	G	C	C	G	0.115635	0.00228516	0	MYH7B	EUR	UKBiobank
20	33847154	rs2425025	A	G	G	A	A	G	G	A	0.117768	0.00238797	0	MMP24	EUR	UKBiobank
20	34025756	rs143384	G	A	A	G	G	A	G	A	0.0217251	0.00139581	1.32E-54	GDF5	EUR	UKBiobank
20	34144107	rs224420	C	T	T	C	T	C	T	C	0.0626569	0.0106147	3.58E-09	ERGIC3	EUR	UKBiobank
20	34269391	rs2425070	G	A	A	G	A	G	A	G	0.104957	0.0025952	0	NFS1	EUR	UKBiobank
20	34373979	rs6142443	A	C	A	C	A	C	A	C	-0.0153348	0.00165722	2.19E-20	PHF20	EUR	UKBiobank
20	34545495	rs4911523	G	A	A	G	G	A	A	G	0.0949291	0.00247976	5.57898927283936e-320	SCAND1	EUR	UKBiobank
20	34745217	rs553912599	T	C	T	C	T	C	C	T	-0.105508	0.0143974	2.34E-13	EPB41L1	EUR	UKBiobank
20	34849290	rs2104007	C	T	C	T	C	T	T	C	-0.0170539	0.00137646	3.03E-35	AAR2	EUR	UKBiobank
20	35050323	rs8114927	C	T	T	C	C	T	T	C	0.0831552	0.00265266	2.05E-215	DLGAP4	EUR	UKBiobank
20	35183699	rs6071089	C	T	C	T	C	T	C	T	-0.013186	0.00137048	6.53E-22	DLGAP4-AS1	EUR	UKBiobank
20	35445128	rs73109224	A	G	A	G	A	G	G	A	-0.0762098	0.00268723	9.91E-177	SOGA1	EUR	UKBiobank
20	35628841	rs28653147	G	A	A	G		A	A	G	0.010173	0.00142457	9.27E-13	RBL1	EUR	UKBiobank
20	35793260	rs73094911	T	C	T	C	T	C	C	T	-0.0701014	0.00293304	3.80E-126	MROH8	EUR	UKBiobank
20	35954740	rs8124640	C	T	C	T	C	T	T	C	-0.0120484	0.00158912	3.42E-14	MANBAL	EUR	UKBiobank
20	36281399	rs186905936	T	C	T	C	T	C	C	T	-0.0437769	0.00511601	1.16E-17	LOC100287792	EUR	UKBiobank
20	36565929	rs11696206	T	G	T	G	T	G	G	T	-0.030887	0.00427615	5.09E-13	VSTM2L	EUR	UKBiobank
20	36827764	rs11699527	G	T	G	T	G	T	T	G	-0.0295442	0.0044953	4.96E-11	KIAA1755	EUR	UKBiobank
21	44785510	rs565629	C	T	T	C	C	T	C	T	0.0111703	0.0013748	4.49E-16	LINC01679	EUR	UKBiobank
22	38572440	rs4384	C	G	G	C	G	C	C	G	0.0104265	0.00137611	3.55E-14	PLA2G6	EUR	UKBiobank
22	45622684	rs5766565	G	A	A	G	G	A	G	A	0.0182831	0.00144769	1.49E-36	KIAA0930	EUR	UKBiobank
3	70014091	rs149617956	G	A	G	A	G	A	A	G	-0.0688728	0.0116447	3.33E-09	MITF	EUR	UKBiobank
3	85434260	rs11921010	T	C	T	C	T	C	T	C	-0.00820088	0.0014034	5.11E-09	CADM2	EUR	UKBiobank
3	141125705	rs1344672	C	G	C	G	G	C	G	C	-0.0105275	0.0013766	2.06E-14	ZBTB38	EUR	UKBiobank
3	141632822	rs2288634	A	G	A	G	A	G	G	A	-0.0141343	0.00207819	1.04E-11	ATP1B3	EUR	UKBiobank
3	156491160	rs9867857	C	T	C	T	C	T	T	C	-0.0122163	0.00137539	6.59E-19	LINC00886	EUR	UKBiobank
3	181511951	rs1345417	G	C	C	G	G	C	C	G	0.0111635	0.0014223	4.21E-15	SOX2-OT	EUR	UKBiobank
5	33738199	rs80216770	C	G	G	C	G	C	C	G	0.0595847	0.00967983	7.49E-10	ADAMTS12	EUR	UKBiobank
5	33840033	rs145326083	A	G	G	A	G	A	A	G	0.135319	0.00981122	2.91E-43	ADAMTS12	EUR	UKBiobank
5	33951693	rs16891982	C	G	C	G	C	G	C	G	-0.407787	0.00454458	0	SLC45A2	EUR	UKBiobank
5	34193747	rs10065269	C	T	T	C		T	C	T	0.0455476	0.00793354	9.41E-09	C1QTNF3-AMACR	EUR	UKBiobank
5	34417968	rs191214810	T	C	T	C	T	C	C	T	-0.02028	0.00356791	1.32E-08	RAI14	EUR	UKBiobank
5	53112624	rs6875907	C	T	C	T	T	C	C	T	-0.0101129	0.00137533	1.94E-13	ARL15	EUR	UKBiobank
5	59019359	rs11739906	A	C	A	C	A	C	C	A	-0.011913	0.00146564	4.37E-16	PDE4D	EUR	UKBiobank
5	66324295	rs463204	G	T	T	G	G	T	G	T	0.00819526	0.00138818	3.56E-09	MAST4	EUR	UKBiobank
5	90270914	rs4916699	A	G	G	A	G	A	A	G	0.00927324	0.00145796	2.01E-10	ADGRV1	EUR	UKBiobank
5	133865452	rs329124	A	G	A	G	G	A	G	A	-0.00788114	0.00139032	1.44E-08	JADE2	EUR	UKBiobank
5	149195603	rs251466	G	C	C	G	G	C	G	C	0.01889	0.00159656	2.71E-32	PPARGC1B	EUR	UKBiobank
5	173975145	rs923520	C	T	T	C	C	T	C	T	0.00982587	0.0015685	3.74E-10	LINC01411	EUR	UKBiobank
6	237609	rs7739881	C	G	G	C	C	G	C	G	0.0148116	0.00160173	2.32E-20	LOC285766	EUR	UKBiobank
6	385735	rs2671427	T	C	T	C	C	T	T	C	-0.0331023	0.00143283	5.30E-118	IRF4	EUR	UKBiobank
6	553489	rs71550013	T	C	T	C	T	C	C	T	-0.0356604	0.00218433	6.83E-60	EXOC2	EUR	UKBiobank
6	713762	rs532026461	G	A	G	A	G	A	A	G	-0.073026	0.00753164	3.16E-22	EXOC2	EUR	UKBiobank
6	1139117	rs1331489	C	T	C	T	C	T	T	C	-0.00908055	0.00150253	1.51E-09	LINC01622	EUR	UKBiobank
6	19538436	rs115949579	C	T	C	T	C	T	T	C	-0.0220382	0.00384404	9.87E-09	LOC105374960	EUR	UKBiobank
6	29732595	rs1737062	C	T	C	T	C	T	C	T	-0.00823034	0.00137969	2.44E-09	IFITM4P	EUR	UKBiobank
6	31106499	rs9263726	A	G	G	A	G	A	A	G	0.0123408	0.00209449	3.82E-09	PSORS1C1	EUR	UKBiobank
6	51562918	rs60496081	G	A	A	G	A	G	G	A	0.0134689	0.00198682	1.21E-11	PKHD1	EUR	UKBiobank
6	51722693	rs9463733	G	A	A	G	A	G	G	A	0.0100447	0.00148168	1.21E-11	PKHD1	EUR	UKBiobank
6	82225675	rs9443928	G	A	G	A	G	A	A	G	-0.00934812	0.00158992	4.12E-09	FAM46A	EUR	UKBiobank
6	146864817	rs77814071	C	T	T	C	C	T	C	T	0.0281666	0.00428624	4.99E-11	RAB32	EUR	UKBiobank
6	159261934	rs3127159	C	G	C	G	G	C	C	G	-0.0132071	0.00177421	9.80E-14	OSTCP1	EUR	UKBiobank
7	16966980	rs12535242	C	A	C	A	C	A	A	C	-0.0132356	0.0014471	5.92E-20	AGR3	EUR	UKBiobank
7	17134708	rs117132860	G	A	G	A	G	A	A	G	-0.0580247	0.00431895	3.86E-41	AHR	EUR	UKBiobank
7	17250993	rs116858369	C	A	C	A	C	A	A	C	-0.0533949	0.00607259	1.47E-18	AHR	EUR	UKBiobank
7	17418644	rs117954392	G	T	G	T	G	T	T	G	-0.0552826	0.00653814	2.79E-17	KCCAT333	EUR	UKBiobank
7	17579064	rs34059377	A	G	A	G	A	G	G	A	-0.0121007	0.00198048	9.97E-10	LOC101927630	EUR	UKBiobank
7	72863249	rs13231516	G	T	T	G	T	G	G	T	0.0119798	0.00207635	7.95E-09	BAZ1B	EUR	UKBiobank
7	100385372	rs113804968	C	T	C	T	C	T	T	C	-0.0218853	0.00371135	3.71E-09	ZAN	EUR	UKBiobank
7	100499789	rs56134000	T	C	T	C	T	C	C	T	-0.0117402	0.00158762	1.42E-13	ACHE	EUR	UKBiobank
7	100746658	rs10953322	A	G	G	A	G	A	A	G	0.01214	0.0021284	1.17E-08	TRIM56	EUR	UKBiobank
7	104597669	rs7807853	A	T	A	T	T	A	T	A	-0.00979685	0.00140668	3.30E-12	LINC01004	EUR	UKBiobank
7	104849737	rs7794285	G	A	A	G	G	A	A	G	0.0114825	0.00137794	7.90E-17	SRPK2	EUR	UKBiobank
7	105415350	rs2529370	A	G	G	A	A	G	A	G	0.00809226	0.00137127	3.61E-09	ATXN7L1	EUR	UKBiobank
8	42043493	rs2719420	A	G	G	A	A	G	G	A	0.00777909	0.00139425	2.42E-08	PLAT	EUR	UKBiobank
8	116603103	rs2721954	T	C	C	T	T	C	C	T	0.0190065	0.00138644	9.21E-43	TRPS1	EUR	UKBiobank
9	5890270	rs2233173	T	C	T	C	C	T	T	C	-0.0237276	0.00357957	3.39E-11	MLANA	EUR	UKBiobank
9	6143736	rs56775903	T	C	C	T	C	T	T	C	0.048856	0.00764943	1.70E-10	IL33	EUR	UKBiobank
9	12518586	rs791673	T	A	A	T	A	T	T	A	0.0208369	0.00191393	1.34E-27	TYRP1	EUR	UKBiobank
9	12712157	rs1137134	G	A	G	A	G	A	G	A	-0.0290647	0.00140173	1.91E-95	LURAP1L-AS1	EUR	UKBiobank
9	16520681	rs10962472	T	C	T	C	T	C	C	T	-0.0112778	0.00168301	2.07E-11	BNC2	EUR	UKBiobank
9	16757048	rs72614234	C	T	T	C	T	C	C	T	0.0308199	0.00355645	4.50E-18	BNC2	EUR	UKBiobank
9	16885017	rs12350739	G	A	G	A	G	A	G	A	-0.0447741	0.00141432	1.20E-219	BNC2	EUR	UKBiobank
9	17002273	rs56187478	A	G	A	G	A	G	G	A	-0.018687	0.00249921	7.61E-14	BNC2	EUR	UKBiobank
9	17390339	rs10116140	C	T	C	T	C	T	C	T	-0.0100033	0.0014082	1.22E-12	CNTLN	EUR	UKBiobank
9	125840114	rs700066	A	T	A	T	A	T	A	T	-0.0118583	0.00198223	2.20E-09	RABGAP1	EUR	UKBiobank
9	129799437	rs17368219	A	G	A	G	A	G	G	A	-0.00789782	0.00137843	1.01E-08	RALGPS1	EUR	UKBiobank
9	130298096	rs75232485	G	A	G	A	G	A	A	G	-0.0129255	0.00230105	1.94E-08	FAM129B	EUR	UKBiobank
9	139345366	rs35288226	G	A	G	A	G	A	A	G	-0.00816214	0.00145886	2.21E-08	SEC16A	EUR	UKBiobank
