finemapped_name,proxy_name,distance,d_prime,r2,cor_alleles,regulome_db,function,finemapped_chr,finemapped_position,finemapped_or,finemapped_p_value,finemapped_A1_effect_allele,finemapped_A2_other_allele,finemapped_z,finemapped_est,finemapped_se,finemapped_OR_lower,finemapped_OR_upper,proxy_chr,proxy_position,proxy_rs,proxy_maf,proxy_effect_allele,proxy_other_allele,finemapped_effect_frequency_EUR
chr1:2520527,chr1:2520527,0,1,1,"T=T,C=C",4,,1,2520527,0.865,2.03E-16,C,T,8.497951896,-0.145025772,0.017065968,0.836544913,0.894422987,1,2520527,rs6670198,0.3462,C,T,0.334
chr1:6512547,chr1:6512547,0,1,1,"T=T,C=C",4,,1,6512547,0.8994,3.41E-05,T,C,4.184746171,-0.106027405,0.025336639,0.855826836,0.945191628,1,6512547,rs2986736,0.1374,T,C,0.799
chr1:11856378,chr1:11856378,0,1,1,"G=G,A=A",4,missense,1,11856378,0.924,0.0002721,A,G,3.663290659,-0.079043207,0.021577105,0.885737779,0.963915078,1,11856378,rs1801133,0.3242,A,G,-1
chr1:11883342,chr1:11883342,0,1,1,"T=T,C=C",4,,1,11883342,1.189,5.17E-05,C,T,4.084683442,0.173112618,0.042380914,1.094224646,1.291984243,1,11883342,rs198398,0.0549,C,T,0.91
chr1:25291010,chr1:25291010,0,1,1,"A=A,T=T",4,missense,1,25291010,0.9316,2.23E-05,T,A,4.284625376,-0.070851741,0.016536274,0.901889891,0.962288822,1,25291010,rs6672420,0.467,T,A,0.495
chr1:65429319,chr1:65429319,0,1,1,"G=G,A=A",4,,1,65429319,1.1413,6.88E-06,G,A,4.55258132,0.132167964,0.029031434,1.078171287,1.208125004,1,65429319,rs72922276,0.1154,G,A,0.902
chr1:85682020,chr1:85682004,-16,1,1,"G=T,A=A",3a,,1,85682020,0.9597,0.01213,A,G,2.506920425,-0.041134543,0.016408396,0.929326638,0.99106606,1,85682004,rs10873692,0.478,A,T,0.479
chr1:85729820,chr1:85729820,0,1,1,"A=A,G=G",5,,1,85729820,0.8357,1.60E-10,A,G,6.55209198,-0.179485582,0.02739363,0.792013298,0.881796419,1,85729820,rs35486093,0.0769,A,G,0.916
chr1:92222089,chr1:92222089,0,1,1,"C=C,T=T",5,,1,92222089,1.1329,1.92E-08,C,T,5.730658062,0.124780717,0.021774239,1.085567844,1.182295899,1,92222089,rs12133753,0.1429,C,T,0.854
chr1:92939959,chr1:92938085,-1874,1,0.9632,"T=T,C=A",5,,1,92939959,0.8425,1.25E-13,T,C,7.633453417,-0.171381617,0.022451387,0.806229905,0.880401788,1,92938085,rs6603974,0.1758,T,A,0.834
chr1:93152635,chr1:93148377,-4258,1,0.9481,"C=C,T=T",6,,1,93152635,0.8655,3.50E-15,C,T,8.124609174,-0.144447904,0.017779059,0.835859402,0.89619169,1,93148377,rs11810217,0.2857,C,T,0.723
chr1:93426869,chr1:93429247,2378,1,1,"G=T,C=G",3a,,1,93426869,0.9313,0.001495,C,G,3.1855341,-0.071173819,0.022342821,0.891396674,0.972989596,1,93429247,rs10747454,0.1374,G,T,0.811
chr1:101412902,chr1:101396743,-16159,1,1,"T=G,G=T",5,,1,101412902,0.8673,4.11E-09,T,G,6.005595075,-0.142370341,0.023706284,0.827923386,0.908549393,1,101396743,rs11579723,0.1429,G,T,0.864
chr1:117090493,chr1:117093035,2542,1,0.9465,"C=T,T=C",6,,1,117090493,1.2398,3.54E-16,C,T,8.426310423,0.214950076,0.025509394,1.179336112,1.303363837,1,117093035,rs10754324,0.1154,T,C,0.868
chr1:120267505,chr1:120267505,0,1,1,"C=C,G=G",4,,1,120267505,0.8974,1.77E-09,G,C,6.151493868,-0.108253585,0.017597934,0.866974654,0.928893084,1,120267505,rs483180,0.3681,G,C,0.327
chr1:154983036,chr1:154983036,0,1,1,"T=T,G=G",2b,,1,154983036,0.9023,0.02,T,G,2.323514606,-0.10280822,0.044246858,0.827346191,0.984044284,1,154983036,rs112344141,0.044,T,G,0.96
chr1:157686337,chr1:157686337,0,1,1,"G=G,T=T",5,,1,157686337,1.1058,1.90E-09,G,T,6.139155986,0.100569055,0.016381577,1.070859037,1.141881049,1,157686337,rs2317231,0.478,G,T,0.541
chr1:160389984,chr1:160389984,0,1,1,"A=A,G=G",4,,1,160389984,1.0911,1.40E-07,A,G,5.357487333,0.087186362,0.016273741,1.056846875,1.126463292,1,160389984,rs3737798,0.4121,A,G,0.53
chr1:160634588,chr1:160631108,-3480,1,1,"C=A,T=G",6,,1,160634588,1.1225,5.76E-06,C,T,4.592087326,0.115558341,0.025164665,1.068478417,1.179252879,1,160631108,rs60294056,0.1209,A,G,0.862
chr1:160703965,chr1:160703965,0,1,1,"G=G,A=A",4,,1,160703965,1.1061,3.88E-07,G,A,5.157310085,0.100840315,0.01955289,1.064512184,1.149312547,1,160703965,rs983494,0.2308,G,A,0.784
chr1:192541021,chr1:192541021,0,1,1,"G=G,A=A",4,,1,192541021,1.1316,1.40E-08,A,G,5.787361279,0.12363256,0.02136251,1.085197547,1.179986596,1,192541021,rs1323292,0.1813,A,G,0.81
chr1:200875897,chr1:200875897,0,1,1,"T=T,C=C",4,,1,200875897,1.1311,3.76E-11,T,C,6.78325579,0.123190611,0.018160986,1.091546042,1.17208726,1,200875897,rs59655222,0.3187,T,C,0.741
chr1:212877776,chr1:212877776,0,1,1,"G=G,A=A",2b,,1,212877776,0.9128,1.34E-06,A,G,4.904602494,-0.09123848,0.018602625,0.880117705,0.94669592,1,212877776,rs9308424,0.3242,A,G,0.302
chr2:12607893,chr2:12607893,0,1,1,"T=T,C=C",3a,,2,12607893,0.9019,0.0007573,T,C,3.382707952,-0.10325163,0.030523365,0.849525411,0.957503565,2,12607893,rs11899404,0.4341,T,C,0.438
chr2:25052177,chr2:25041620,-10557,1,0.945,"C=C,T=T",3a,,2,25052177,0.9271,5.98E-05,T,C,4.049242999,-0.075693844,0.018693332,0.893746791,0.961697898,2,25041620,rs1550115,0.2582,T,C,0.748
chr2:43355324,chr2:43355324,0,1,1,"G=G,C=C",3a,,2,43355324,1.1311,4.37E-11,G,C,6.759642303,0.123190611,0.018224427,1.091410321,1.172233013,2,43355324,rs12478539,0.2527,G,C,0.735
chr2:61242410,chr2:61295122,52712,1,0.9244,"A=A,G=G",1f,,2,61242410,1.1134,8.57E-09,G,A,5.875813973,0.107418397,0.01828145,1.074211341,1.154018314,2,61295122,rs1177279,0.3077,G,A,0.739
chr2:65661843,chr2:65661843,0,1,1,"T=T,C=C",4,,2,65661843,1.0724,2.42E-05,C,T,4.266398164,0.069899127,0.016383639,1.038510209,1.107395719,2,65661843,rs13385171,0.3571,C,T,0.602
chr2:136884679,chr2:136884679,0,1,1,"T=T,C=C",5,,2,136884679,1.1016,3.19E-05,T,C,4.200967945,0.096763668,0.02303366,1.052973108,1.152472509,2,136884679,rs10191360,0.478,T,C,0.476
chr2:151644203,chr2:151644203,0,1,1,"C=C,T=T",5,,2,151644203,1.0701,0.0002103,C,T,3.731213368,0.067752102,0.018158196,1.032684827,1.108870761,2,151644203,rs962052,0.2857,C,T,0.3
chr2:191989356,chr2:191989356,0,1,1,"A=A,C=C",5,,2,191989356,1.0684,9.49E-05,C,A,3.934978829,0.066162202,0.016813865,1.033764534,1.1041959,2,191989356,rs6738544,0.3297,C,A,0.661
chr2:204632861,chr2:204632861,0,1,1,"A=A,T=T",5,,2,204632861,1.0698,0.0007448,A,T,3.387418452,0.067471715,0.019918329,1.028839832,1.112390875,2,204632861,rs12614091,0.2582,A,T,0.769
chr2:231121829,chr2:231121829,0,1,1,"T=T,C=C",5,,2,231121829,1.1447,2.88E-12,C,T,7.177022438,0.135142594,0.018829897,1.10322311,1.187736259,2,231121829,rs35540610,0.2198,C,T,0.224
chr3:18798848,chr3:18798848,0,1,1,"T=T,C=C",5,,3,18798848,0.9359,0.0003101,T,C,3.628433411,-0.066246646,0.018257644,0.903000991,0.969997618,3,18798848,rs9863496,0.3132,T,C,0.749
chr3:28072086,chr3:28072086,0,1,1,"T=T,C=C",5,,3,28072086,1.148,9.43E-17,C,T,8.595785251,0.138021298,0.016056857,1.112433388,1.184703744,3,28072086,rs438613,0.4341,C,T,0.488
chr3:71535338,chr3:71535338,0,1,1,"T=T,G=G",4,,3,71535338,1.0872,2.60E-07,T,G,5.236600495,0.083605584,0.015965622,1.053705464,1.12175924,3,71535338,rs9878602,0.4121,T,G,0.515
chr3:101749022,chr3:101749022,0,1,1,"C=C,T=T",3a,,3,101749022,0.9055,3.68E-09,T,C,6.024815131,-0.099268002,0.016476522,0.876724929,0.9352195,3,101749022,rs4325907,0.3187,T,C,0.661
chr3:105455955,chr3:105455955,0,1,1,"T=T,C=C",6,,3,105455955,1.0889,1.48E-06,C,T,4.883837021,0.085168012,0.01743875,1.052310331,1.126761921,3,105455955,rs2289746,0.3022,C,T,0.646
chr3:112693983,chr3:112693983,0,1,1,"T=T,G=G",,,3,112693983,1.2904,0.001086,T,G,3.279365808,0.254952248,0.077744376,1.108018485,1.502801788,3,112693983,rs138433213,0.022,T,G,0.984
chr3:119228508,chr3:119228508,0,1,1,"G=G,A=A",6,,3,119228508,1.1432,4.73E-10,G,A,6.37430099,0.133831348,0.020995455,1.097110885,1.191225297,3,119228508,rs9843355,0.1978,G,A,0.838
chr3:121542898,chr3:121542898,0,1,1,"T=T,C=C",1f,,3,121542898,1.1042,4.65E-09,C,T,5.983841936,0.099121091,0.016564791,1.068925673,1.140638372,3,121542898,rs2331964,0.3297,C,T,0.612
chr3:159691112,chr3:159691112,0,1,1,"T=T,C=C",7,,3,159691112,1.1108,1.36E-10,C,T,6.577818022,0.105080476,0.015974975,1.076558658,1.146130432,3,159691112,rs1014486,0.478,C,T,0.471
chr3:169536637,chr3:169536637,0,1,1,"T=T,C=C",4,,3,169536637,1.1145,1.68E-08,T,C,5.754905086,0.108405874,0.018837126,1.074102153,1.156417242,3,169536637,rs10936602,0.2747,T,C,0.743
chr3:187565968,chr3:187562959,-3009,1,1,"T=A,G=G",4,,3,187565968,0.946,0.001052,T,G,3.288587602,-0.05551271,0.016880411,0.915213127,0.977822513,3,187562959,rs503787,0.3297,A,G,0.669
chr4:48127262,chr4:48127262,0,1,1,"A=A,G=G",5,,4,48127262,0.9173,3.16E-07,A,G,5.197983973,-0.086320706,0.016606574,0.887923586,0.947648315,4,48127262,rs6837324,0.4231,A,G,0.62
chr4:87862396,chr4:87862396,0,1,1,"C=C,G=G",4,,4,87862396,0.9207,4.35E-07,G,C,5.134612712,-0.082621029,0.016090995,0.89211576,0.950200107,4,87862396,rs2705616,0.3901,G,C,0.542
chr4:103911781,chr4:103911781,0,1,1,"G=G,A=A",7,,4,103911781,1.0668,7.70E-05,A,G,3.987082763,0.064663513,0.016218252,1.033422117,1.101255935,4,103911781,rs6533052,0.4945,A,G,0.482
chr4:106255589,chr4:106255589,0,1,1,"T=T,C=C",5,,4,106255589,0.9238,1.18E-06,T,C,4.930891391,-0.079259681,0.016074108,0.895149144,0.953367878,4,106255589,rs2726479,0.4286,T,C,0.434
chr4:109058718,chr4:109058718,0,1,1,"G=G,T=T",5,,4,109058718,0.9139,4.51E-08,T,G,5.572519947,-0.090034123,0.016156806,0.885412658,0.943303896,4,109058718,rs9992763,0.4121,T,G,0.549
chr4:122119449,chr4:122125179,5730,1,1,"C=G,T=A",6,,4,122119449,0.9097,4.95E-07,C,T,5.108302981,-0.094640404,0.01852678,0.877259099,0.94334056,4,122125179,rs13108214,0.2198,G,A,0.784
chr4:164493807,chr4:164493807,0,1,1,"G=G,A=A",6,,4,164493807,1.0699,7.01E-05,G,A,4.010234907,0.067565186,0.016848187,1.03514627,1.105820543,4,164493807,rs72989863,0.4011,G,A,0.629
chr5:6712834,chr5:6712834,0,1,1,"T=T,C=C",4,,5,6712834,1.0835,5.28E-06,C,T,4.611278299,0.080196542,0.017391391,1.047188984,1.121070091,5,6712834,rs34681760,0.3022,C,T,0.643
chr5:35877505,chr5:35877505,0,1,1,"G=G,A=A",2a,,5,35877505,0.9057,1.13E-09,A,G,6.227987298,-0.099047154,0.015903557,0.877903916,0.93437616,5,35877505,rs10063294,0.4451,A,G,0.571
chr5:40396425,chr5:40396425,0,1,1,"G=G,A=A",5,,5,40396425,0.8214,3.54E-17,G,A,8.719549297,-0.196745077,0.022563675,0.785865296,0.858541488,5,40396425,rs11749040,0.1209,G,A,0.869
chr5:40429250,chr5:40429250,0,1,1,"A=A,T=T",5,,5,40429250,0.973,0.09169,A,T,1.684954665,-0.027371197,0.016244471,0.942508483,1.004477962,5,40429250,rs6880809,0.467,A,T,0.555
chr5:55444683,chr5:55444683,0,1,1,"G=G,A=A",2a,,5,55444683,1.0974,2.85E-06,G,A,4.745086599,0.092943746,0.019587366,1.056067928,1.140349714,5,55444683,rs7731626,0.4011,G,A,0.625
chr5:118703662,chr5:118703662,0,1,1,"G=G,T=T",3a,,5,118703662,0.9376,8.53E-05,G,T,3.961459022,-0.06443186,0.016264679,0.908181862,0.96797106,5,118703662,rs32658,0.4341,G,T,0.605
chr5:133449827,chr5:133449827,0,1,1,"T=T,A=A",4,,5,133449827,1.1168,5.07E-06,A,T,4.619972995,0.110467453,0.023910844,1.06566839,1.170384944,5,133449827,rs244656,0.1374,A,T,0.85
chr5:133891282,chr5:133891282,0,1,1,"C=C,T=T",1b,,5,133891282,1.0826,1.15E-06,C,T,4.935692346,0.079365555,0.016079924,1.049012143,1.117263292,5,133891282,rs2084007,0.4835,C,T,0.5
chr5:141539339,chr5:141539339,0,1,1,"C=C,A=A",5,,5,141539339,0.9256,8.99E-06,C,A,4.492900811,-0.077313103,0.017207837,0.894902538,0.957350464,5,141539339,rs249677,0.3297,C,A,0.377
chr5:176790162,chr5:176790162,0,1,1,"A=A,G=G",2b,,5,176790162,1.1003,4.96E-07,G,A,5.108018639,0.09558287,0.018712318,1.060676303,1.14140392,5,176790162,rs67111717,0.3407,G,A,0.342
chr6:7100029,chr6:7112819,12790,0.976,0.9303,"G=A,A=G",2b,,6,7100029,0.9111,1.86E-07,A,G,5.302021558,-0.093102618,0.017559834,0.880275904,0.943003444,6,7112819,rs6925389,0.3681,G,A,0.616
chr6:16672760,chr6:16672760,0,1,1,"C=C,T=T",4,,6,16672760,1.0674,7.05E-05,T,C,4.008691003,0.065225785,0.016271093,1.03389626,1.101989439,6,16672760,rs719316,0.3901,T,C,0.536
chr6:29856303,chr6:29868463,12160,1,1,"C=A,T=C",5,,6,29856303,0.69,1.05E-280,P,A,38.51491946,-0.371063681,0.009634284,0.677092842,0.703153202,6,29868463,rs1611576,0.1538,C,A,-1
chr6:31497244,chr6:31497244,0,1,1,"A=A,G=G",1b,,6,31497244,1.11,4.95E-08,T,C,5.55527269,0.104360015,0.018785759,1.069872976,1.151632042,6,31497244,rs3093982,0.1978,A,G,-1
chr6:31518354,chr6:31518354,0,1,1,"G=G,A=A",1f,,6,31518354,0.92,6.06E-13,C,T,7.406741075,-0.083381609,0.01125753,0.899922737,0.940525187,6,31518354,rs2523500,0.3956,G,A,-1
chr6:31539767,chr6:31538244,-1523,1,1,"C=C,T=G",3a,,6,31539767,1.35,7.13E-124,A,G,25.26102053,0.300104592,0.011880145,1.318928293,1.381803703,6,31538244,rs2009658,0.1484,G,C,-1
chr6:31782855,chr6:31782855,0,1,1,"A=A,G=G",,,6,31782855,1.33,7.73E-13,P,A,7.371282919,0.285178942,0.03868783,1.23287741,1.434773633,6,31782855,rs34378923,0.011,G,A,-1
chr6:32367997,chr6:32367997,0,1,1,"T=T,A=A",6,,6,32367997,2.63,2.89E-09,P,A,6.066958828,0.966983846,0.159385266,1.924350917,3.594406789,6,32367997,rs3817964,0.0824,A,T,-1
chr6:32413051,chr6:32413051,0,1,1,"A=A,G=G",1f,,6,32413051,2.9,1.62E-290,P,A,39.19862245,1.064710737,0.027161943,2.749649171,3.058572013,6,32413051,rs3135388,0.1319,A,G,-1
chr6:32586854,chr6:32586019,-835,1,1,"G=A,A=G",1f,,6,32586854,1.57,1.34E-16,G,A,8.551078947,0.451075619,0.052750726,1.41578507,1.74101285,6,32586019,rs3135005,0.1319,A,G,-1
chr6:33047466,chr6:33047466,0,1,1,"T=T,C=C",4,,6,33047466,1.16,1.82E-15,C,T,8.211842378,0.148420005,0.018073898,1.119626519,1.20182934,6,33047466,rs3135024,0.3187,C,T,-1
chr6:33047612,chr6:33047612,0,1,1,"G=G,C=C",4,,6,33047612,1.34,2.19E-131,C,G,26.04520737,0.292669614,0.011236985,1.310809811,1.36984022,6,33047612,rs3097671,0.2473,C,G,-1
chr6:33081632,chr6:33081632,0,1,1,"A=A,G=G",4,,6,33081632,1.17,5.75E-28,G,A,11.44773319,0.157003749,0.013714833,1.138968099,1.201877385,6,33081632,rs11751659,0.1264,G,A,-1
chr6:33081823,chr6:33081823,0,1,1,"A=A,G=G",4,,6,33081823,0.92,7.16E-11,G,A,6.681226246,-0.083381609,0.012479986,0.897769091,0.9427814,6,33081823,rs9277626,0.2692,G,A,-1
chr6:36348689,chr6:36348689,0,1,1,"T=T,C=C",1f,,6,36348689,0.9266,4.22E-06,C,T,4.660045334,-0.076233306,0.016358919,0.897361231,0.956791458,6,36348689,rs1076928,0.478,C,T,0.541
chr6:90976768,chr6:90976768,0,1,1,"G=G,A=A",5,,6,90976768,0.8517,9.01E-11,G,A,6.644532456,-0.160520927,0.024158348,0.812311584,0.892998333,6,90976768,rs72928038,0.2143,G,A,0.821
chr6:119215402,chr6:119215402,0,1,1,"A=A,C=C",4,,6,119215402,1.0833,8.15E-06,A,C,4.51508401,0.080011938,0.01772103,1.046319449,1.121587572,6,119215402,rs11542663,0.3407,A,C,0.619
chr6:128280104,chr6:128280104,0,1,1,"T=T,C=C",6,,6,128280104,1.1211,3.24E-10,T,C,6.436906568,0.114310346,0.017758584,1.082749372,1.160808994,6,128280104,rs802730,0.3352,T,C,0.722
chr6:130348257,chr6:130348257,0,1,1,"C=C,T=T",2b,,6,130348257,1.0908,0.001242,T,C,3.240223987,0.086911372,0.026822643,1.034935381,1.149680126,6,130348257,rs75191738,0.1758,T,C,0.158
chr6:135833463,chr6:135841056,7593,1,1,"T=C,A=A",1f,,6,135833463,0.8708,1.65E-13,A,T,7.594084229,-0.13834295,0.0182172,0.840256009,0.90245429,6,135841056,rs9647635,0.3901,A,C,0.489
chr6:137438057,chr6:137423847,-14210,1,0.9702,"G=C,A=T",4,,6,137438057,1.1471,2.50E-13,A,G,7.534694343,0.137237018,0.018214013,1.106871484,1.188790594,6,137423847,rs72975618,0.2418,T,C,0.226
chr6:137959455,chr6:137993049,33594,1,1,"C=T,A=C",7,,6,137959455,1.1194,6.45E-12,A,C,7.055518479,0.112792827,0.015986469,1.084869115,1.155029987,6,137993049,rs536331,0.4396,C,T,0.4
chr6:138179146,chr6:138179146,0,1,1,"C=C,T=T",5,,6,138179146,1.254,1.07E-07,C,T,5.409044959,0.226338442,0.041844437,1.155257595,1.361182135,6,138179146,rs17780048,0.0714,C,T,0.939
chr6:143865221,chr6:143865221,0,1,1,"A=A,G=G",4,,6,143865221,0.864,3.09E-05,A,G,4.208377465,-0.14618251,0.034736074,0.807134293,0.924872115,6,143865221,rs6911131,0.0495,A,G,0.939
chr6:159465977,chr6:159465977,0,1,1,"T=T,C=C",4,,6,159465977,0.8925,9.91E-12,T,C,6.990055741,-0.113728765,0.01627008,0.864487769,0.921419919,6,159465977,rs1738074,0.5,T,C,0.452
chr7:2443302,chr7:2448317,5015,0.9749,0.9272,"T=A,G=C",4,,7,2443302,0.8931,1.20E-08,G,T,5.815726072,-0.113056722,0.019439829,0.859711176,0.927785554,7,2448317,rs6944568,0.3352,C,A,0.624
chr7:3139417,chr7:3144508,5091,1,0.9774,"T=T,C=C",6,,7,3139417,1.0817,2.00E-06,C,T,4.820778755,0.078533878,0.016290704,1.047707138,1.11679576,7,3144508,rs11773338,0.4011,C,T,0.387
chr7:28142186,chr7:28142186,0,1,1,"G=G,T=T",5,,7,28142186,0.9393,0.00033,G,T,3.611753306,-0.062620362,0.01733794,0.907916628,0.971768181,7,28142186,rs10245867,0.3352,G,T,0.677
chr7:37382465,chr7:37382465,0,1,1,"T=T,G=G",4,,7,37382465,0.8747,4.20E-07,T,G,5.141459935,-0.133874309,0.02603819,0.831179785,0.920498915,7,37382465,rs60600003,0.1044,T,G,0.898
chr7:50328339,chr7:50328339,0,1,1,"A=A,G=G",7,,7,50328339,1.5893,4.17E-08,A,G,5.587399944,0.463293668,0.082917577,1.350905645,1.869763813,7,50328339,rs116877451,0.0275,A,G,0.962
chr7:105706462,chr7:105738553,32091,1,0.9355,"C=T,A=C",6,,7,105706462,1.1086,0.0003744,C,A,3.577707952,0.103097958,0.028816762,1.047720765,1.173016705,7,105738553,rs17152585,0.0934,T,C,0.904
chr7:149289464,chr7:149289464,0,1,1,"G=G,A=A",5,,7,149289464,1.114,1.21E-08,G,A,5.81467729,0.107957142,0.018566317,1.074190291,1.155285065,7,149289464,rs354033,0.2637,G,A,0.74
chr8:95851818,chr8:95851818,0,1,1,"T=T,G=G",5,,8,95851818,0.893,0.0008757,T,G,3.341371353,-0.113168698,0.033868938,0.83564465,0.954291995,8,95851818,rs78727559,0.0495,T,G,0.975
chr8:128175696,chr8:128175696,0,1,1,"G=G,A=A",5,,8,128175696,1.0881,2.66E-06,A,G,4.759787555,0.084433056,0.017738829,1.050918929,1.126596522,8,128175696,rs735542,0.2692,A,G,0.672
chr8:128814091,chr8:128814091,0,1,1,"A=A,G=G",4,,8,128814091,0.8984,3.60E-09,A,G,6.028890383,-0.107139876,0.017771077,0.867646256,0.930243811,8,128814091,rs6990534,0.3132,A,G,0.33
chr8:129177769,chr8:129177769,0,1,1,"T=T,C=C",5,,8,129177769,0.893,8.80E-08,T,C,5.446647482,-0.113168698,0.02077768,0.857363796,0.930117417,8,129177769,rs7819665,0.2253,T,C,0.793
chr8:144986793,chr8:144987221,428,1,1,"C=C,T=T",4,,8,144986793,1.0732,2.35E-05,T,C,4.273088048,0.07064484,0.016532503,1.038981737,1.108545222,8,144987221,rs6990361,0.4121,T,C,0.425
chr10:6070273,chr10:6070273,0,1,1,"C=C,A=A",5,,10,6070273,1.2494,2.53E-21,C,A,9.850388465,0.222663436,0.022604534,1.195253803,1.305999074,10,6070273,rs12722559,0.1538,C,A,0.867
chr10:8098719,chr10:8098719,0,1,1,"T=T,C=C",2b,,10,8098719,0.9245,0.0004495,T,C,3.527934941,-0.078502228,0.022251609,0.885046245,0.965712532,10,8098719,rs1399180,0.1868,T,C,0.182
chr10:31395761,chr10:31391564,-4197,1,1,"G=C,A=T",4,,10,31395761,0.9254,3.12E-06,G,A,4.725705208,-0.077529203,0.016405848,0.896116668,0.955640254,10,31391564,rs793102,0.456,C,T,0.58
chr10:64449549,chr10:64449549,0,1,1,"G=G,T=T",4,,10,64449549,1.0734,0.0002044,G,T,3.738654063,0.070831181,0.018945636,1.034271933,1.11400834,10,64449549,rs61863928,0.3901,G,T,0.652
chr10:75653800,chr10:75653800,0,1,1,"G=G,T=T",3a,,10,75653800,1.0931,2.15E-05,G,T,4.294111455,0.089017696,0.020730178,1.049576287,1.138428549,10,75653800,rs17741873,0.2308,G,T,0.809
chr10:81059335,chr10:81059335,0,1,1,"G=G,T=T",2b,,10,81059335,0.8907,2.66E-11,G,T,6.837276418,-0.115747609,0.016928906,0.861630923,0.920749789,10,81059335,rs1250551,0.3462,G,T,0.69
chr10:94479107,chr10:94479107,0,1,1,"A=A,G=G",5,,10,94479107,1.1114,2.46E-10,A,G,6.481720299,0.105620482,0.016295131,1.076464462,1.147469334,10,94479107,rs1112718,0.3956,A,G,0.591
chr11:14402930,chr11:14402930,0,1,1,"C=C,G=G",4,,11,14402930,1.1436,8.02E-08,C,G,5.464241897,0.134181181,0.02455623,1.089861878,1.199987803,11,14402930,rs61884005,0.0879,C,G,0.854
chr11:14868316,chr11:15118975,250659,1,1,"A=G,G=A",,,11,14868316,0.7068,2.26E-07,A,G,5.26406223,-0.347007539,0.065920106,0.621132443,0.80428296,11,15118975,rs117300835,0.011,G,A,0.98
chr11:36438075,chr11:36438075,0,1,1,"C=C,T=T",5,,11,36438075,0.8873,5.76E-06,T,C,4.591857793,-0.119572135,0.026040034,0.84314983,0.933762022,11,36438075,rs1365120,0.1154,T,C,0.892
chr11:60793651,chr11:60793651,0,1,1,"C=C,G=G",3a,,11,60793651,1.1464,4.25E-15,G,C,8.098888503,0.136626598,0.016869796,1.109114331,1.18493912,11,60793651,rs4939490,0.4231,G,C,0.391
chr11:64095178,chr11:64095178,0,1,1,"T=T,C=C",4,,11,64095178,1.0758,2.34E-05,C,T,4.273787182,0.073064571,0.017095978,1.040349229,1.112458785,11,64095178,rs11231749,0.2802,C,T,0.296
chr11:65705432,chr11:65705432,0,1,1,"C=C,T=T",4,,11,65705432,0.9155,9.41E-08,C,T,5.433860614,-0.088284915,0.016247181,0.886805686,0.945122774,11,65705432,rs531612,0.478,C,T,0.474
chr11:95311422,chr11:95311422,0,1,1,"T=T,C=C",4,,11,95311422,0.9137,2.09E-05,T,C,4.29971811,-0.090252989,0.020990443,0.876871993,0.952074758,11,95311422,rs4409785,0.2088,T,C,0.811
chr11:95421830,chr11:95426865,5035,1,1,"T=A,A=G",5,,11,95421830,0.8885,2.47E-05,T,A,4.261022477,-0.118220631,0.027744663,0.841473994,0.938154067,11,95426865,rs58826103,0.1044,A,G,0.856
chr11:118480695,chr11:118480695,0,1,1,"G=G,C=C",2b,,11,118480695,0.8643,2.39E-05,C,G,4.268640573,-0.145835348,0.034164354,0.80831982,0.924157087,11,118480695,rs34026809,0.0659,C,G,0.073
chr11:118743286,chr11:118743286,0,1,1,"G=G,A=A",1f,,11,118743286,1.1546,3.15E-10,G,A,6.441550149,0.143753964,0.022316672,1.105185601,1.206223786,11,118743286,rs12365699,0.2033,G,A,0.847
chr11:118747813,chr11:118747813,0,1,1,"A=A,G=G",4,,11,118747813,1.088,5.88E-07,A,G,5.073730563,0.084341148,0.016623104,1.053122821,1.124032237,11,118747813,rs6589706,0.4835,A,G,0.45
chr11:122518525,chr11:122518525,0,1,1,"A=A,G=G",3a,,11,122518525,0.9275,8.67E-06,A,G,4.501155797,-0.075262485,0.016720702,0.897596126,0.958400137,11,122518525,rs6589939,0.3846,A,G,0.62
chr11:128421175,chr11:128421175,0,1,1,"G=G,A=A",4,,11,128421175,0.9351,5.37E-05,A,G,4.075455554,-0.067101804,0.01646486,0.905404994,0.965768928,11,128421175,rs4262739,0.467,A,G,0.455
chr12:6440009,chr12:6446777,6768,0.9543,0.9106,"T=G,C=A",4,,12,6440009,0.8808,1.02E-13,T,C,7.662251569,-0.126924694,0.016564934,0.85266208,0.909866474,12,6446777,rs1860545,0.4011,G,A,0.57
chr12:6514963,chr12:6502131,-12832,1,0.9106,"C=T,A=G",3a,,12,6514963,0.9041,5.78E-06,C,A,4.591323107,-0.100815305,0.021957789,0.866015413,0.943859425,12,6502131,rs2364482,0.2363,T,G,0.818
chr12:9866349,chr12:9869271,2922,1,0.9569,"C=A,T=G",7,,12,9866349,0.903,3.96E-10,C,T,6.403496622,-0.102032726,0.015933908,0.875234713,0.931646092,12,9869271,rs2268146,0.478,A,G,0.53
chr12:58106836,chr12:58106836,0,1,1,"A=A,G=G",1f,,12,58106836,1.1206,1.35E-11,G,A,6.942671047,0.113864256,0.016400641,1.085150839,1.157207196,12,58106836,rs701006,0.4066,G,A,0.592
chr12:94661453,chr12:94661453,0,1,1,"A=A,G=G",2b,,12,94661453,1.0832,1.91E-05,G,A,4.321091416,0.079919623,0.01849524,1.044636473,1.123187128,12,94661453,rs61708525,0.4121,G,A,0.315
chr12:111884608,chr12:111884608,0,1,1,"T=T,C=C",3a,missense,12,111884608,1.0709,3.45E-05,T,C,4.182384009,0.068499416,0.016378079,1.037068913,1.105834719,12,111884608,rs3184504,0.5,T,C,0.466
chr12:123604053,chr12:123593485,-10568,1,1,"C=T,T=A",1f,,12,123604053,0.886,7.80E-09,C,T,5.892434478,-0.121038328,0.020541311,0.851037319,0.922399032,12,123593485,rs7299943,0.1758,T,A,0.785
chr13:50811220,chr13:50829327,18107,1,1,"T=G,C=C",7,,13,50811220,1.2366,4.16E-10,T,C,6.395583623,0.212365678,0.033205051,1.158682726,1.319756932,13,50829327,rs78212345,0.0604,G,C,0.95
chr13:50961957,chr13:50968844,6887,1,1,"A=T,T=C",7,,13,50961957,0.911,0.00023,A,T,3.707720421,-0.093212382,0.025140078,0.867198884,0.957013455,13,50968844,rs9634832,0.1044,T,C,0.875
chr13:100026952,chr13:100026952,0,1,1,"A=A,C=C",2b,,13,100026952,1.7768,4.07E-07,A,C,5.14765503,0.574813994,0.111665213,1.427536422,2.211515021,13,100026952,rs77654077,0.022,A,C,0.968
chr14:52306091,chr14:52306091,0,1,1,"A=A,C=C",5,,14,52306091,0.908,3.02E-06,A,C,4.732359519,-0.0965109,0.020393823,0.872421332,0.94502962,14,52306091,rs11852059,0.1648,A,C,0.819
chr14:69253364,chr14:69253364,0,1,1,"A=A,T=T",2b,,14,69253364,1.1095,1.83E-10,A,T,6.530360841,0.103909463,0.015911749,1.075431993,1.144647228,14,69253364,rs12434551,0.4505,A,T,0.542
chr14:76014298,chr14:76014298,0,1,1,"T=T,C=C",2b,,14,76014298,1.1157,3.17E-08,T,C,5.638503101,0.109482011,0.019416857,1.074037563,1.158978543,14,76014298,rs34695601,0.3022,T,C,0.76
chr14:88523488,chr14:88523488,0,1,1,"C=C,T=T",5,,14,88523488,1.3474,2.09E-12,C,T,7.224555763,0.29817681,0.041272684,1.242694925,1.460927154,14,88523488,rs116899835,0.011,C,T,0.949
chr14:103230758,chr14:103230758,0,1,1,"G=G,C=C",4,,14,103230758,0.9148,1.81E-06,C,G,4.84154786,-0.089049817,0.01839284,0.882408848,0.948380155,14,103230758,rs12588969,0.3736,C,G,0.693
chr14:103265844,chr14:103265366,-478,1,1,"A=T,G=C",4,,14,103265844,0.9054,4.29E-09,G,A,5.99792546,-0.099378444,0.016568803,0.876469566,0.935285367,14,103265366,rs12436181,0.3187,C,T,0.649
chr15:79247482,chr15:79247482,0,1,1,"C=C,T=T",3a,,15,79247482,1.1334,2.07E-06,C,T,4.813278351,0.125221965,0.026015941,1.077055276,1.192692324,15,79247482,rs62013236,0.1154,C,T,0.846
chr15:90887584,chr15:90889323,1739,1,0.9749,"A=A,C=G",3a,,15,90887584,0.9043,2.78E-08,A,C,5.662574668,-0.100594115,0.017764731,0.873355152,0.93634129,15,90889323,rs7162687,0.3187,A,G,0.682
chr16:1067832,chr16:1067832,0,1,1,"G=G,T=T",5,,16,1067832,0.8884,4.71E-08,G,T,5.564376593,-0.118333187,0.021266207,0.852131046,0.926212656,16,1067832,rs405343,0.1923,G,T,0.826
chr16:11114512,chr16:11114512,0,1,1,"A=A,G=G",4,,16,11114512,0.8477,2.61E-23,G,A,10.35188679,-0.165228479,0.015961195,0.821591126,0.874638572,16,11114512,rs2286974,0.4231,G,A,0.408
chr16:11213951,chr16:11221285,7334,1,1,"C=T,T=G",5,,16,11213951,0.8293,4.65E-24,T,C,10.53520377,-0.187173308,0.017766463,0.800918908,0.858686794,16,11221285,rs7201415,0.3077,G,T,0.541
chr16:11353879,chr16:11353879,0,1,1,"C=C,T=T",4,,16,11353879,0.469,1.12E-09,C,T,6.229191711,-0.757152511,0.121549078,0.36957976,0.595165169,16,11353879,rs146566517,0.0549,C,T,0.962
chr16:11412926,chr16:11412926,0,1,1,"C=C,A=A",3a,,16,11412926,1.1412,3.96E-09,C,A,6.011922707,0.13208034,0.021969734,1.093102149,1.191414216,16,11412926,rs34947566,0.1923,C,A,0.852
chr16:30103160,chr16:30103160,0,1,1,"C=C,A=A",4,,16,30103160,0.9076,3.25E-08,A,C,5.633828699,-0.096951526,0.017208817,0.877497821,0.938734821,16,30103160,rs3809627,0.4451,A,C,0.429
chr16:57077094,chr16:57077094,0,1,1,"C=C,T=T",4,,16,57077094,1.0885,8.41E-07,T,C,5.00074447,0.084800602,0.016957595,1.05291627,1.125286296,16,57077094,rs8062446,0.4231,T,C,0.4
chr16:79652720,chr16:79652720,0,1,1,"C=C,T=T",2c,,16,79652720,0.9099,1.80E-07,T,C,5.309051192,-0.094420576,0.017784831,0.878728904,0.942176827,16,79652720,rs6564681,0.3187,T,C,0.689
chr16:86021505,chr16:86021505,0,1,1,"G=G,A=A",4,,16,86021505,1.1883,1.94E-09,G,A,6.13593604,0.172523714,0.028116935,1.124585498,1.25562431,16,86021505,rs35703946,0.1538,G,A,0.858
chr17:34842521,chr17:34842521,0,1,1,"A=A,G=G",1f,,17,34842521,0.9181,1.62E-07,A,G,5.328856302,-0.085448962,0.016035141,0.889693873,0.947413077,17,34842521,rs4796224,0.4451,A,G,0.543
chr17:37970149,chr17:37970149,0,1,1,"A=A,G=G",1f,,17,37970149,0.9311,1.16E-05,A,G,4.436261517,-0.071388596,0.016092062,0.902190993,0.960935342,17,37970149,rs9909593,0.4945,A,G,0.508
chr17:38252660,chr17:38252660,0,1,1,"G=G,A=A",3a,,17,38252660,0.9009,1.65E-05,G,A,4.354915662,-0.104361015,0.023963958,0.859563675,0.944224184,17,38252660,rs883871,0.1648,G,A,0.84
chr17:40529835,chr17:40529835,0,1,1,"A=A,G=G",5,,17,40529835,0.8784,1.02E-13,G,A,7.661836214,-0.129653208,0.01692195,0.849743933,0.90802244,17,40529835,rs1026916,0.3681,G,A,0.623
chr17:45702280,chr17:45702280,0,1,1,"T=T,C=C",1b,,17,45702280,1.1131,4.34E-11,C,T,6.760765997,0.107148916,0.015848635,1.079054927,1.148219224,17,45702280,rs11079784,0.467,C,T,0.525
chr17:57859210,chr17:57859210,0,1,1,"G=G,A=A",4,,17,57859210,1.1091,3.29E-10,G,A,6.434230721,0.103548876,0.016093435,1.074661515,1.144642097,17,57859210,rs2150879,0.3901,G,A,0.441
chr17:73335776,chr17:73336198,422,1,0.9707,"C=T,G=C",5,,17,73335776,1.0994,1.11E-06,C,G,4.943380359,0.094764576,0.019169995,1.058858442,1.141493813,17,73336198,rs2053160,0.2418,T,C,0.255
chr18:56269737,chr18:56269737,0,1,1,"A=A,G=G",3a,,18,56269737,1.0254,0.1291,A,G,1.517998283,0.02508278,0.016523589,0.992723151,1.059152453,18,56269737,rs4940730,0.456,A,G,0.508
chr18:56348044,chr18:56353685,5641,1,1,"A=G,G=A",5,,18,56348044,0.8958,1.54E-08,G,A,5.770486195,-0.110038105,0.019069122,0.862937006,0.929914506,18,56353685,rs4940738,0.2198,A,G,0.215
chr18:67544046,chr18:67531026,-13020,1,0.9566,"T=C,C=A",5,,18,67544046,0.9413,0.0003294,T,C,3.612242229,-0.06049338,0.016746767,0.910904657,0.972709584,18,67531026,rs34794968,0.4451,C,A,0.602
chr19:6668972,chr19:6668972,0,1,1,"C=C,T=T",3a,,19,6668972,1.164,8.37E-13,C,T,7.359591865,0.151862349,0.020634616,1.117862637,1.212041582,19,6668972,rs1077667,0.1813,C,T,0.763
chr19:11173928,chr19:11174742,814,1,1,"C=C,T=T",5,,19,11173928,1.0997,9.18E-07,C,T,4.982867686,0.095037415,0.019072835,1.059349095,1.141587883,19,11174742,rs73013198,0.2747,C,T,0.757
chr19:16559421,chr19:16558766,-655,1,0.9736,"A=C,G=A",5,,19,16559421,1.095,2.54E-07,G,A,5.241198606,0.090754363,0.017315574,1.058460864,1.132800504,19,16558766,rs7256818,0.2857,A,C,0.3
chr19:18301979,chr19:18304700,2721,1,1,"C=A,G=G",4,missense,19,18301979,0.8741,4.84E-13,G,C,7.439324575,-0.134560493,0.01808773,0.843654318,0.905644401,19,18304700,rs874628,0.2527,G,A,0.278
chr19:45143942,chr19:45143942,0,1,1,"A=A,C=C",4,,19,45143942,0.9152,1.84E-06,A,C,4.83808051,-0.088612658,0.018315664,0.882928231,0.948651329,19,45143942,rs7260482,0.3022,A,C,0.737
chr19:47638539,chr19:47638539,0,1,1,"A=A,T=T",2b,,19,47638539,1.106,4.07E-09,A,T,6.00713472,0.100749903,0.016771707,1.070234044,1.142961212,19,47638539,rs11083862,0.4451,A,T,0.447
chr19:49837246,chr19:49837246,0,1,1,"C=C,T=T",2a,,19,49837246,0.8831,3.48E-11,C,T,6.795374581,-0.124316835,0.018294331,0.851995764,0.915339774,19,49837246,rs1465697,0.1923,C,T,0.762
chr20:39968188,chr20:39968188,0,1,1,"G=G,A=A",2b,,20,39968188,0.927,0.0008908,G,A,3.336479613,-0.075801713,0.02271907,0.886626835,0.969211585,20,39968188,rs6072343,0.1319,G,A,0.847
chr20:44734310,chr20:44734310,0,1,1,"C=C,T=T",5,,20,44734310,1.1432,2.85E-13,C,T,7.515938631,0.133831348,0.017806339,1.103990038,1.183802566,20,44734310,rs6032662,0.2527,C,T,0.252
chr20:52744437,chr20:52744437,0,1,1,"T=T,C=C",4,,20,52744437,0.9327,0.002164,T,C,3.074172734,-0.069671673,0.022663552,0.892175662,0.975065031,20,52744437,rs2585447,0.1209,T,C,0.789
chr20:52789743,chr20:52789743,0,1,1,"C=C,G=G",4,,20,52789743,0.894,7.81E-11,G,C,6.667428283,-0.112049504,0.016805506,0.865032418,0.923937627,20,52789743,rs2248137,0.3846,G,C,0.4
chr21:34787312,chr21:34787312,0,1,1,"A=A,G=G",4,missense,21,34787312,1.0846,0.0004805,G,A,3.509636161,0.081211255,0.023139508,1.036508464,1.134922869,21,34787312,rs9808753,0.1813,G,A,0.156
chr21:39864727,chr21:39861829,-2898,1,1,"A=T,G=C",3a,,21,39864727,0.9053,2.71E-05,G,A,4.239749486,-0.099488899,0.023465749,0.864605654,0.947909704,21,39861829,rs1999326,0.1264,C,T,0.881
chr22:22205353,chr22:22205353,0,1,1,"C=C,T=T",4,,22,22205353,1.121,4.57E-12,T,C,7.107501978,0.114221144,0.016070505,1.086240829,1.156871447,22,22205353,rs9610458,0.467,T,C,0.536
chr22:37310954,chr22:37311425,471,1,1,"A=A,G=C",4,,22,37310954,1.0706,2.44E-05,A,G,4.263983762,0.068219239,0.015998944,1.037549111,1.104703717,22,37311425,rs1807546,0.4011,A,C,0.472
chr22:40291807,chr22:40291807,0,1,1,"T=T,C=C",5,,22,40291807,1.064,0.0002206,T,C,3.718683281,0.062035391,0.016682085,1.029773118,1.099364491,22,40291807,rs137955,0.478,T,C,0.409