finemapped_rs,finemapped_name,proxy_name,distance,d_prime,r2,cor_alleles,regulome_db,function,finemapped_chr,finemapped_position,finemapped_or,finemapped_p_value,finemapped_A1_effect_allele,finemapped_A2_other_allele,finemapped_z,finemapped_est,finemapped_se,finemapped_OR_lower,finemapped_OR_upper,proxy_chr,proxy_position,proxy_rs,proxy_maf,proxy_effect_allele_frequency_1KG,proxy_effect_allele,proxy_other_allele
rs3748817,chr1:2525665,chr1:2525665,0,1.0,1.0,"T=T,C=C",4,,1,2525665,0.8797,1.54e-36,C,T,13.24396891,-0.128174339,0.00967794,0.863170448,0.89654609,1,2525665,rs3748817,0.335,0.331,C,G
rs1801133,chr1:11856378,chr1:11856378,0,1.0,1.0,"G=G,A=A",4,missense,1,11856378,0.9033,2.31e-15,A,G,8.180493268,-0.101700555,0.012432081000000001,0.8815553979999999,0.925580958,1,11856378,rs1801133,0.3586,0.3648,A,T
rs13551,chr1:24180962,chr1:24181177,215,1.0,1.0,"T=C,C=T",4,,1,24180962,0.9359,4.36e-08,T,C,5.579043791,-0.06624664599999999,0.011874194,0.914369918,0.957937037,1,24181177,rs12748109,0.3434,0.6679999999999999,C,G
rs7550552,chr1:25299602,chr1:25299816,214,1.0,1.0,"C=G,T=A",2b,,1,25299602,0.9404,1.4800000000000003e-09,T,C,6.182094114,-0.061449962000000004,0.009939991,0.922256084,0.958900868,1,25299816,rs7542123,0.4579,0.5437,A,T
rs10914539,chr1:32715641,chr1:32715641,0,1.0,1.0,"G=G,T=T",2b,,1,32715641,0.8835,1.4400000000000001e-15,G,T,8.243180035,-0.123863987,0.015026238,0.8578590979999999,0.909907293,1,32715641,rs10914539,0.1566,0.8241,G,C
rs72922276,chr1:65429319,chr1:65429319,0,1.0,1.0,"G=G,A=A",4,,1,65429319,1.1642,1.41e-15,G,A,8.245779156000001,0.152034156,0.018437816,1.122879128,1.20704144,1,65429319,rs72922276,0.0842,0.9095,G,C
rs12087340,chr1:85746993,chr1:85746993,0,1.0,1.0,"C=C,T=T",7,,1,85746993,0.8271,2.27e-31,C,T,12.19067098,-0.189829672,0.015571716000000001,0.8022377759999999,0.852732732,1,85746993,rs12087340,0.0741,0.9235,C,G
rs233100,chr1:85772009,chr1:85772009,0,1.0,1.0,"G=G,A=A",5,,1,85772009,0.9425,2.0600000000000003e-09,A,G,6.125525539,-0.05921936,0.009667637,0.924809111,0.9605293020000001,1,85772009,rs233100,0.4562,0.4503,A,T
rs9887787,chr1:92222143,chr1:92222143,0,1.0,1.0,"C=C,T=T",5,,1,92222143,1.131,1.67e-16,C,T,8.522924348,0.123102197,0.014443657,1.099430842,1.163475638,1,92222143,rs9887787,0.133,0.8459,C,G
rs58394161,chr1:92939959,chr1:92938085,-1874,0.9406,0.8641,"T=T,C=A",5,,1,92939959,0.8829,1.37e-14,T,C,7.940385976,-0.124543335,0.015684796,0.856170675,0.910463804,1,92938085,rs6603974,0.1717,0.8231,T,A
rs11577426,chr1:93160238,chr1:93160238,0,1.0,1.0,"C=C,T=T",7,,1,93160238,0.8849,2.95e-30,C,T,11.95211409,-0.122280635,0.010230879,0.86733225,0.9028235840000001,1,93160238,rs11577426,0.2593,0.7266,C,G
rs10747454,chr1:93429247,chr1:93429247,0,1.0,1.0,"T=T,G=G",3a,,1,93429247,0.9309999999999999,3.32e-08,G,T,5.629767848999999,-0.071496002,0.012699636,0.908112247,0.954464608,1,93429247,rs10747454,0.1515,0.8270000000000001,G,C
rs12132283,chr1:101294036,chr1:101286949,-7087,1.0,1.0,"A=G,C=A",7,,1,101294036,1.0973,1.11e-22,A,C,10.19543692,0.092852617,0.009107272,1.077886699,1.117062945,1,101286949,rs6678752,0.4377,0.5795,G,C
rs11587215,chr1:101311662,chr1:101311662,0,1.0,1.0,"G=G,A=A",2c,,1,101311662,0.9203,2.89e-08,G,A,5.655480547000001,-0.083055575,0.014685856,0.8941874470000001,0.947175106,1,101311662,rs11587215,0.1431,0.8529,G,C
rs1335532,chr1:117100957,chr1:117100957,0,1.0,1.0,"A=A,G=G",3a,,1,117100957,1.2987,4.549999999999999e-70,A,G,18.748716,0.261363764,0.013940355,1.263695883,1.334673724,1,117100957,rs1335532,0.1465,0.8539,A,T
rs541503,chr1:120208297,chr1:120208297,0,1.0,1.0,"T=T,C=C",5,,1,120208297,0.9209,1.4499999999999998e-17,C,T,8.83078863,-0.082403826,0.009331423,0.904210207,0.9378978509999999,1,120208297,rs541503,0.4091,0.4145,C,G
chr1:154977113,chr1:154977113,chr1:154977113,0,1.0,1.0,"A=A,G=G",4,,1,154977113,0.8448,1.67e-08,A,G,5.755991459,-0.16865536600000003,0.029300837000000003,0.7976502940000001,0.894736761,1,154977113,rs113012729,0.0269,0.9722,A,T
rs3761959,chr1:157669278,chr1:157669278,0,1.0,1.0,"C=C,T=T",1f,,1,157669278,1.0804,3.25e-16,C,T,8.437096163,0.077331343,0.009165635,1.061164297,1.099984388,1,157669278,rs3761959,0.4815,0.5258,C,G
rs12086448,chr1:160393905,chr1:160393905,0,1.0,1.0,"A=A,G=G",5,synonymous,1,160393905,1.0741,4.12e-14,A,G,7.788626742000001,0.071483102,0.009177883000000001,1.0549511390000001,1.09359644,1,160393905,rs12086448,0.4865,0.503,A,T
rs6427540,chr1:160634588,chr1:160631108,-3480,1.0,1.0,"C=A,T=G",6,,1,160634588,1.1059999999999999,1.4800000000000003e-09,C,T,6.182209449,0.100749903,0.016296747,1.071230812,1.1418977,1,160631108,rs60294056,0.138,0.8618,A,T
rs3766374,chr1:160720554,chr1:160720554,0,1.0,1.0,"G=G,A=A",3a,,1,160720554,1.0875,6.1e-16,G,A,8.355596418,0.083881484,0.010038958,1.066311104,1.109109945,1,160720554,rs3766374,0.2845,0.7078,G,C
rs1323292,chr1:192541021,chr1:192541021,0,1.0,1.0,"G=G,A=A",4,,1,192541021,1.1625,3.6399999999999996e-33,A,G,12.56569941,0.150572858,0.011982847,1.13551521,1.190126066,1,192541021,rs1323292,0.1801,0.8151,A,T
rs59655222,chr1:200875897,chr1:200875897,0,1.0,1.0,"T=T,C=C",4,,1,200875897,1.1049,5.660000000000001e-21,T,C,9.759755006,0.099754833,0.010221039,1.08298552,1.127257925,1,200875897,rs59655222,0.2593,0.7266,T,A
rs9308424,chr1:212877776,chr1:212877776,0,1.0,1.0,"G=G,A=A",2b,,1,212877776,0.9136,9.25e-14,A,G,7.675596207000001,-0.09036244,0.011772693,0.892760511,0.93492594,1,212877776,rs9308424,0.303,0.3231,A,T
rs1534422,chr2:12640741,chr2:12640741,0,1.0,1.0,"G=G,A=A",4,,2,12640741,0.9482,1.66e-08,A,G,5.7570841889999995,-0.053189829,0.009239022,0.931184067,0.965526872,2,12640741,rs1534422,0.4242,0.5656,A,T
rs2082881,chr2:25038268,chr2:25038268,0,1.0,1.0,"G=G,A=A",4,,2,25038268,0.9338,5.45e-10,A,G,6.350703531000001,-0.068492996,0.010785103999999998,0.9142677570000001,0.953749526,2,25038268,rs2082881,0.2172,0.7525,A,T
rs10171296,chr2:30481309,chr2:30481309,0,1.0,1.0,"A=A,G=G",3a,,2,30481309,1.0912,6.900000000000001e-10,A,G,6.311201071,0.087278008,0.013829065,1.062020304,1.121181427,2,30481309,rs10171296,0.1684,0.8370000000000001,A,T
rs17030410,chr2:43356490,chr2:43356490,0,1.0,1.0,"T=T,G=G",4,,2,43356490,1.1165,1.65e-24,T,G,10.64410895,0.11019879199999999,0.010353031,1.094072367,1.139387382,2,43356490,rs17030410,0.2458,0.7455,T,A
rs2278300,chr2:61176073,chr2:61176073,0,1.0,1.0,"T=T,G=G",1b,,2,61176073,1.0953,2.31e-19,G,T,9.331135612,0.09102829800000001,0.009755329,1.074556323,1.116444122,2,61176073,rs2278300,0.3249,0.6928,G,C
rs11673987,chr2:65597671,chr2:65597671,0,1.0,1.0,"A=A,G=G",2b,,2,65597671,1.0679,3.470000000000001e-11,A,G,6.7958716720000005,0.065694103,0.009666766,1.0478571209999998,1.088326249,2,65597671,rs11673987,0.3114,0.659,A,T
rs3816281,chr2:68607947,chr2:68607947,0,1.0,1.0,"G=G,T=T",5,missense,2,68607947,1.0901,5.08e-16,T,G,8.379289871000001,0.086269435,0.010295554,1.06832302,1.112320887,2,68607947,rs3816281,0.2811,0.2704,T,A
rs12373588,chr2:112466265,chr2:112466265,0,1.0,1.0,"T=T,G=G",3a,,2,112466265,0.9346,1.7799999999999999e-12,T,G,7.248348202000001,-0.06763664900000001,0.009331319,0.917662105,0.9518505290000001,2,112466265,rs12373588,0.4529,0.5358,T,A
rs57116599,chr2:112770799,chr2:112777441,6642,0.9826,0.888,"G=C,A=T",4,,2,112770799,0.9137,1.1099999999999999e-11,A,G,6.9727843279999995,-0.090252989,0.012943608,0.890811476,0.9371766220000001,2,112777441,rs6712080,0.2879,0.2575,T,A
rs11897084,chr2:136861225,chr2:136884679,23454,0.9177,0.8143,"A=T,G=C",5,,2,136861225,1.0836,3.85e-10,A,G,6.408067497999999,0.08028883099999999,0.012529336,1.05731358,1.11053994,2,136884679,rs10191360,0.4899,0.4811,T,A
rs962052,chr2:151644203,chr2:151644203,0,1.0,1.0,"C=C,T=T",5,,2,151644203,1.0628,8.28e-09,C,T,5.881911545,0.060906935,0.010354956,1.041447134,1.084590665,2,151644203,rs962052,0.3148,0.3022,C,G
rs6738544,chr2:191989356,chr2:191989356,0,1.0,1.0,"A=A,C=C",5,,2,191989356,1.0741,2.4e-13,C,A,7.540187809,0.071483102,0.009480281,1.054326053,1.094244809,2,191989356,rs6738544,0.3199,0.6581,C,G
rs6435203,chr2:204611195,chr2:204611195,0,1.0,1.0,"G=G,A=A",5,,2,204611195,1.0759999999999998,6.179999999999999e-12,A,G,7.062106979,0.073250462,0.010372324,1.0543460390000001,1.098098686,2,204611195,rs6435203,0.2912,0.7087,A,T
rs35540610,chr2:231121829,chr2:231121829,0,1.0,1.0,"T=T,C=C",5,,2,231121829,1.1423,2.98e-33,C,T,12.58363439,0.133043774,0.010572762,1.11887214,1.166218412,2,231121829,rs35540610,0.20199999999999999,0.2117,C,G
rs12106877,chr3:18709522,chr3:18709522,0,1.0,1.0,"T=T,C=C",5,,3,18709522,0.9298,2.75e-14,T,C,7.844516015,-0.07278577,0.009278555,0.9130435159999999,0.946864004,3,18709522,rs12106877,0.3687,0.6402,T,A
rs12330493,chr3:27791614,chr3:27791614,0,1.0,1.0,"T=T,G=G",7,,3,27791614,0.9232,1.55e-16,T,G,8.532717961,-0.079909383,0.009365056,0.90640877,0.9403022870000001,3,27791614,rs12330493,0.3906,0.6123,T,A
rs438613,chr3:28072086,chr3:28072086,0,1.0,1.0,"T=T,C=C",5,,3,28072086,1.1504,2.31e-49,C,T,15.56878755,0.140109708,0.008999398,1.130286216,1.170871715,3,28072086,rs438613,0.4832,0.4871,C,G
rs6550177,chr3:32979088,chr3:32979088,0,1.0,1.0,"T=T,C=C",2b,,3,32979088,1.0603,7.630000000000001e-10,T,C,6.294190427,0.058551887000000004,0.009302529,1.041142774,1.0798097229999999,3,32979088,rs6550177,0.4091,0.5577,T,A
rs9878602,chr3:71535338,chr3:71535338,0,1.0,1.0,"T=T,G=G",4,,3,71535338,1.1002,1.91e-18,T,G,9.078814688,0.09549198099999999,0.010518111,1.077751023,1.123116577,3,71535338,rs9878602,0.4764,0.5,T,A
chr3:100902575,chr3:100902575,chr3:100902575,0,1.0,1.0,"T=T,C=C",5,,3,100902575,1.1557,6.420000000000001e-11,T,C,6.698639396,0.144706221,0.02160233,1.107788464,1.205683696,3,100902575,rs77958473,0.0892,0.9105,T,A
rs771767,chr3:101748638,chr3:101748638,0,1.0,1.0,"A=A,G=G",5,,3,101748638,0.9301,1.99e-09,G,A,6.131559372000001,-0.072463172,0.011818066,0.9088033179999999,0.9518957440000001,3,101748638,rs771767,0.2475,0.7286,G,C
rs2289746,chr3:105455955,chr3:105455955,0,1.0,1.0,"T=T,C=C",6,,3,105455955,1.0846,4.59e-12,C,T,7.107041027999999,0.081211255,0.011426873,1.060578575,1.109165495,3,105455955,rs2289746,0.3367,0.66,C,G
chr3:112693983,chr3:112693983,chr3:112693983,0,1.0,1.0,"T=T,G=G",,,3,112693983,1.3609,3.24e-09,T,G,6.047045587,0.308146246,0.050958147999999995,1.231543518,1.5038435780000001,3,112693983,rs138433213,0.0152,0.9871,T,A
rs9843355,chr3:119228508,chr3:119228508,0,1.0,1.0,"G=G,A=A",6,,3,119228508,1.1525,4.14e-30,G,A,11.92045852,0.141933496,0.011906713999999999,1.125915335,1.179712372,3,119228508,rs9843355,0.1768,0.836,G,C
rs12695416,chr3:121551570,chr3:121551570,0,1.0,1.0,"A=A,G=G",6,,3,121551570,1.0948,4.91e-20,G,A,9.512194478,0.090571698,0.009521640999999999,1.074557858,1.115423456,3,121551570,rs12695416,0.3889,0.6163,G,C
rs2255214,chr3:121770539,chr3:121770539,0,1.0,1.0,"G=G,T=T",5,,3,121770539,1.1384,6.9800000000000005e-43,G,T,14.43819982,0.129623768,0.008977834,1.118543298,1.158609204,3,121770539,rs2255214,0.4832,0.495,G,C
rs9846396,chr3:141140968,chr3:141140968,0,1.0,1.0,"C=C,T=T",2b,,3,141140968,1.0595,1.3e-09,C,T,6.2036649939999995,0.057797099000000005,0.009316605,1.040328524,1.079024773,3,141140968,rs9846396,0.4394,0.5795,C,G
chr3:159628081,chr3:159628081,chr3:159628081,0,1.0,1.0,"G=G,A=A",5,,3,159628081,1.0971,4.9900000000000003e-08,A,G,5.5538776720000005,0.092670335,0.0166857,1.061800831,1.133572677,3,159628081,rs75029101,0.0741,0.0795,A,T
rs1014486,chr3:159691112,chr3:159691112,0,1.0,1.0,"T=T,C=C",7,,3,159691112,1.11,3.13e-28,C,T,11.50688279,0.104360015,0.009069355999999999,1.0904430459999999,1.129907706,3,159691112,rs1014486,0.4714,0.4592,C,G
rs10936599,chr3:169492101,chr3:169492101,0,1.0,1.0,"C=C,T=T",3a,"missense,synonymous",3,169492101,1.0766,1.9e-11,C,T,6.889744543,0.073807927,0.010712723,1.0542303659999999,1.099444294,3,169492101,rs10936599,0.2441,0.7575,C,G
rs969625,chr3:187567888,chr3:187562959,-4929,0.9926,0.9852,"G=A,A=G",4,,3,187567888,0.9357,4.65e-09,G,A,5.983917422,-0.066460367,0.011106498000000001,0.915551097,0.956292328,3,187562959,rs503787,0.3451,0.659,A,T
rs9839229,chr3:188000625,chr3:188000625,0,1.0,1.0,"T=T,C=C",4,,3,188000625,1.0666,1.5e-08,T,C,5.775740964,0.06447601900000001,0.011163246000000002,1.043516288,1.0901943490000001,3,188000625,rs9839229,0.3519,0.3579,T,A
rs6832151,chr4:40303633,chr4:40303633,0,1.0,1.0,"G=G,T=T",1f,,4,40303633,1.0775,7.79e-10,G,T,6.290769827999999,0.07464354299999999,0.011865566000000001,1.0527302570000001,1.102852552,4,40303633,rs6832151,0.2828,0.2773,G,C
rs17470892,chr4:48143201,chr4:48143201,0,1.0,1.0,"T=T,C=C",2a,,4,48143201,0.9376,1.34e-11,T,C,6.943931922999999,-0.06443186,0.009278873,0.9207023740000001,0.954807748,4,48143201,rs17470892,0.3502,0.6252,T,A
rs2705618,chr4:87837546,chr4:87839844,2298,1.0,0.9933,"C=G,T=A",4,,4,87837546,0.9283,1.1499999999999999e-11,T,C,6.967079318,-0.074400323,0.01067884,0.90907212,0.9479345709999999,4,87839844,rs1584346,0.46799999999999997,0.5507,A,T
chr4:103551603,chr4:103551603,chr4:103551603,0,1.0,1.0,"A=A,G=G",1f,,4,103551603,1.0927,7.03e-16,G,A,8.337062584,0.088651698,0.010633445,1.0701621140000002,1.11571254,4,103551603,rs7665090,0.4731,0.493,G,C
rs2726518,chr4:106173199,chr4:106173199,0,1.0,1.0,"A=A,C=C",5,,4,106173199,0.9368,3.84e-11,A,C,6.779738496,-0.065285467,0.009629496,0.919284821,0.9546488959999999,4,106173199,rs2726518,0.4108,0.4026,A,T
rs7690934,chr4:109025865,chr4:109025865,0,1.0,1.0,"T=T,C=C",5,,4,109025865,0.9384,2.36e-11,C,T,6.855854862,-0.063578982,0.009273677,0.92149734,0.9556126979999999,4,109025865,rs7690934,0.4175,0.5885,C,G
rs17051321,chr4:122119449,chr4:122125179,5730,1.0,1.0,"C=G,T=A",6,,4,122119449,0.9222,1.41e-10,C,T,6.573031672000001,-0.08099315900000001,0.01232204,0.900194563,0.944743364,4,122125179,rs13108214,0.2088,0.7793,G,C
rs13150896,chr4:164499489,chr4:164505323,5834,1.0,0.9532,"A=G,G=T",5,,4,164499489,1.0659999999999998,5.550000000000001e-09,G,A,5.952850992,0.06391332599999999,0.010736591,1.043801782,1.0886703009999998,4,164505323,rs11730120,0.4411,0.5338,T,A
rs34681760,chr5:6712834,chr5:6712834,0,1.0,1.0,"T=T,C=C",4,,5,6712834,1.0819,2.01e-11,C,T,6.881089864,0.078718755,0.011439867,1.057911429,1.106432521,5,6712834,rs34681760,0.3535,0.6501,C,G
rs11567694,chr5:35857704,chr5:35857704,0,1.0,1.0,"A=A,G=G",5,,5,35857704,0.8874,1.5800000000000002e-28,G,A,11.57329173,-0.11945944,0.010321993,0.869627303,0.9055359209999999,5,35857704,rs11567694,0.2896,0.2724,G,C
rs11740512,chr5:40424048,chr5:40424048,0,1.0,1.0,"A=A,C=C",5,,5,40424048,0.8699,4.54e-25,A,C,10.77798155,-0.139377016,0.012931643999999999,0.8481285709999999,0.8922303009999999,5,40424048,rs11740512,0.1229,0.8638,A,T
rs9292776,chr5:40437845,chr5:40437845,0,1.0,1.0,"G=G,A=A",1b,,5,40437845,0.9331,1.02e-11,G,A,6.986059357999999,-0.069242903,0.009911582,0.915147885,0.951404275,5,40437845,rs9292776,0.4276,0.5487,G,C
rs32658,chr5:118703662,chr5:118703662,0,1.0,1.0,"G=G,T=T",3a,,5,118703662,0.9406,3.24e-08,G,T,5.634171042999999,-0.061237309000000004,0.010868912,0.9207742590000001,0.9608526209999999,5,118703662,rs32658,0.3923,0.5934,G,C
rs756699,chr5:133446575,chr5:133446575,0,1.0,1.0,"C=C,T=T",4,,5,133446575,1.1116,2.96e-14,T,C,7.834364898,0.105800419,0.013504658000000001,1.082562904,1.141415945,5,133446575,rs756699,0.165,0.8469,T,A
rs2084007,chr5:133891282,chr5:133891282,0,1.0,1.0,"C=C,T=T",1b,,5,133891282,1.0835,1.91e-13,C,T,7.572763611,0.080196542,0.010590128999999998,1.061241967,1.106224863,5,133891282,rs2084007,0.4764,0.49200000000000005,C,G
rs249677,chr5:141539339,chr5:141539339,0,1.0,1.0,"C=C,A=A",5,,5,141539339,0.9313,5.73e-13,C,A,7.414800764,-0.071173819,0.009598885,0.913942487,0.948987165,5,141539339,rs249677,0.3603,0.3618,C,G
rs35716097,chr5:176806636,chr5:176813404,6768,0.9448,0.7152,"C=C,T=T",5,,5,176806636,1.1041,3.18e-21,T,C,9.824629589,0.09903052300000001,0.010079823,1.082500964,1.1261299999999999,5,176813404,rs3812036,0.266,0.2644,T,A
rs13193887,chr6:7128198,chr6:7128198,0,1.0,1.0,"G=G,T=T",3a,,6,7128198,0.9386,2.15e-08,T,G,5.710041466,-0.063365876,0.011097271,0.91840526,0.9592388009999999,6,7128198,rs13193887,0.36200000000000004,0.6282,T,A
rs17119,chr6:14719496,chr6:14719496,0,1.0,1.0,"G=G,A=A",5,,6,14719496,1.1108,1.38e-17,A,G,8.836739012999999,0.10508047599999999,0.011891318,1.085209974,1.136993457,6,14719496,rs17119,0.2306,0.7624,A,T
rs719316,chr6:16672760,chr6:16672760,0,1.0,1.0,"C=C,T=T",4,,6,16672760,1.0723,1.6200000000000002e-13,T,C,7.596786442999999,0.069805874,0.009188869,1.053160551,1.0917872770000001,6,16672760,rs719316,0.4646,0.5288,T,A
rs1611613,chr6:29856303,chr6:29868463,12160,1.0,1.0,"C=A,T=C",5,,6,29856303,0.69,1.0499999999999994e-280,P,A,38.51491946,-0.37106368100000003,0.009634284,0.6770928420000001,0.703153202,6,29868463,rs1611576,0.133,0.1538,C,A
rs114071505,chr6:30060631,chr6:30062257,1626,1.0,0.8754,"G=C,C=T",7,,6,30060631,0.78,3.8399999999999995e-22,C,G,10.05988651,-0.248461359,0.024698227000000003,0.743140701,0.818687497,6,30062257,rs115238975,0.037000000000000005,0.0348,T,A
rs2270191,chr6:31080320,chr6:31083555,3235,1.0,1.0,"C=T,T=C",4,,6,31080320,0.44,2.0100000000000003e-25,P,A,10.86190925,-0.820980552,0.075583448,0.37941521899999997,0.510258921,6,31083555,rs117103599,0.0017,0.00635,C,T
rs3093982,chr6:31497244,chr6:31497244,0,1.0,1.0,"A=A,G=G",1b,,6,31497244,1.11,4.95e-08,T,C,5.55527269,0.104360015,0.018785759,1.0698729759999999,1.1516320420000001,6,31497244,rs3093982,0.1397,0.1978,A,G
rs2523500,chr6:31518354,chr6:31518354,0,1.0,1.0,"G=G,A=A",1f,,6,31518354,0.92,6.059999999999999e-13,C,T,7.406741075,-0.08338160900000001,0.01125753,0.899922737,0.940525187,6,31518354,rs2523500,0.33,0.3956,G,A
rs2844482,chr6:31539767,chr6:31522051,-17716,1.0,1.0,"C=C,T=T",5,,6,31539767,1.35,7.129999999999998e-124,A,G,25.26102053,0.300104592,0.011880145,1.318928293,1.381803703,6,31522051,rs2255899,0.1549,0.15106,T,C
rs34378923,chr6:31782855,chr6:31782855,0,1.0,1.0,"A=A,G=G",,,6,31782855,1.33,7.73e-13,P,A,7.3712829189999995,0.285178942,0.03868783,1.23287741,1.434773633,6,31782855,rs34378923,0.0168,0.011000000000000001,G,A
rs3817964,chr6:32367997,chr6:32367997,0,1.0,1.0,"T=T,A=A",6,,6,32367997,2.63,2.8899999999999997e-09,P,A,6.066958828,0.966983846,0.159385266,1.924350917,3.5944067889999998,6,32367997,rs3817964,0.0471,0.0824,A,T
rs3135388,chr6:32413051,chr6:32413051,0,1.0,1.0,"A=A,G=G",1f,,6,32413051,2.9,1.619999999999999e-290,P,A,39.19862245,1.064710737,0.027161942999999997,2.749649171,3.058572013,6,32413051,rs3135388,0.1178,0.1319,A,G
rs9271366,chr6:32586854,chr6:32586019,-835,1.0,0.9692,"G=A,A=G",1f,,6,32586854,1.57,1.34e-16,G,A,8.551078947,0.451075619,0.052750726,1.41578507,1.74101285,6,32586019,rs3135005,0.1246,0.1252,A,T
rs10093,chr6:32609173,chr6:32428772,-180401,0.8748,0.7446,"C=A,G=G",5,,6,32609173,0.88,1.97e-16,G,C,8.501740726,-0.127833372,0.015036141000000001,0.854444091,0.9063202709999999,6,32428772,rs9268839,0.4293,0.4513,G,C
rs3135024,chr6:33047466,chr6:33047466,0,1.0,1.0,"T=T,C=C",4,,6,33047466,1.16,1.82e-15,C,T,8.211842378,0.148420005,0.018073898,1.119626519,1.20182934,6,33047466,rs3135024,0.2609,0.2724,C,G
rs3097671,chr6:33047612,chr6:33047612,0,1.0,1.0,"G=G,C=C",4,,6,33047612,1.34,2.1899999999999991e-131,C,G,26.04520737,0.29266961399999997,0.011236985,1.310809811,1.36984022,6,33047612,rs3097671,0.1919,0.1819,C,G
rs11751659,chr6:33081632,chr6:33081632,0,1.0,1.0,"A=A,G=G",4,,6,33081632,1.17,5.75e-28,G,A,11.44773319,0.157003749,0.013714833000000001,1.138968099,1.201877385,6,33081632,rs11751659,0.1481,0.1332,G,C
rs9277626,chr6:33081823,chr6:33081823,0,1.0,1.0,"A=A,G=G",4,,6,33081823,0.92,7.159999999999999e-11,G,A,6.6812262460000005,-0.08338160900000001,0.012479986,0.8977690909999999,0.9427814,6,33081823,rs9277626,0.3081,0.3111,G,C
rs879036,chr6:36349890,chr6:36349890,0,1.0,1.0,"T=T,C=C",4,,6,36349890,0.885,2.75e-19,C,T,9.310879995,-0.122167634,0.013120955,0.862530555,0.908054788,6,36349890,rs879036,0.1229,0.8598,C,G
rs72928038,chr6:90976768,chr6:90976768,0,1.0,1.0,"G=G,A=A",5,,6,90976768,0.8663,8.379999999999999e-29,G,A,11.63437883,-0.14352401,0.012336198999999999,0.845604976,0.887501506,6,90976768,rs72928038,0.1751,0.8201,G,C
chr6:119215402,chr6:119215402,chr6:119215402,0,1.0,1.0,"A=A,C=C",4,,6,119215402,1.0776,3.2399999999999997e-10,A,C,6.4366015,0.074736346,0.01161115,1.053353087,1.102405048,6,119215402,rs11542663,0.40399999999999997,0.6282,A,T
rs802725,chr6:128282029,chr6:128282029,0,1.0,1.0,"T=T,G=G",6,,6,128282029,1.0653,1.0800000000000002e-09,T,G,6.2356557210000005,0.06325645,0.010144314,1.044327977,1.08669318,6,128282029,rs802725,0.2912,0.7167,T,A
rs6928313,chr6:130368508,chr6:130368508,0,1.0,1.0,"C=C,T=T",3a,,6,130368508,1.0547,2.59e-06,T,C,4.765159044,0.053256366,0.011176199,1.031847635,1.0780584770000001,6,130368508,rs6928313,0.4512,0.5467,T,A
rs9321490,chr6:135494875,chr6:135500087,5212,1.0,1.0,"T=G,C=C",4,,6,135494875,1.1053,9.48e-20,C,T,9.435815936000001,0.100116791,0.010610295,1.082551346,1.128526692,6,135500087,rs12205603,0.2424,0.2515,C,G
rs12206850,chr6:135797808,chr6:135798845,1037,1.0,1.0,"T=C,C=T",5,,6,135797808,0.8967,2.72e-29,T,C,11.74225151,-0.10903392099999999,0.009285606,0.8805278609999999,0.913169163,6,135798845,rs11154803,0.3687,0.6312,C,G
rs17066096,chr6:137452908,chr6:137423847,-29061,0.9904,0.9537,"A=C,G=T",4,,6,137452908,1.1444,9.26e-36,G,A,13.09035144,0.134880482,0.010303809,1.1215201209999999,1.1677466459999999,6,137423847,rs72975618,0.2306,0.2266,T,A
rs35858108,chr6:137970958,chr6:137975119,4161,1.0,1.0,"C=G,T=C",5,,6,137970958,1.1127,4.920000000000001e-25,T,C,10.76987408,0.106789494,0.009915575,1.091283981,1.1345363000000002,6,137975119,rs73558137,0.2761,0.2972,C,G
rs17780429,chr6:138222588,chr6:138234289,11701,1.0,1.0,"G=C,A=T",5,,6,138222588,1.1008,5.1500000000000005e-12,G,A,7.08950468,0.09603718800000001,0.013546388999999999,1.0719573390000001,1.130418718,6,138234289,rs72980770,0.1094,0.8688,C,G
rs12206238,chr6:143867406,chr6:143867406,0,1.0,1.0,"C=C,T=T",4,,6,143867406,0.8919,1.31e-10,C,T,6.58458804,-0.11440126,0.017374095,0.86203924,0.922795127,6,143867406,rs12206238,0.064,0.9314,C,G
rs212397,chr6:159474624,chr6:159474624,0,1.0,1.0,"C=C,A=A",5,,6,159474624,0.8828,3.4799999999999995e-35,C,A,12.97579766,-0.124656605,0.009606855,0.866332894,0.89958011,6,159474624,rs212397,0.3468,0.3539,C,G
rs6952809,chr7:2448493,chr7:2448493,0,1.0,1.0,"T=T,C=C",3a,,7,2448493,0.9376,2.9500000000000003e-08,C,T,5.651560619,-0.06443186,0.01140072,0.9168812890000001,0.9587868909999999,7,2448493,rs6952809,0.3333,0.674,C,G
rs10951042,chr7:3139417,chr7:3144508,5091,0.9927,0.9783,"T=T,C=C",6,,7,3139417,1.1021,1.5e-18,C,T,9.108322323,0.097217451,0.010673475,1.079283548,1.1253988000000001,7,3144508,rs11773338,0.3636,0.3688,C,G
rs706015,chr7:27014988,chr7:27016449,1461,1.0,1.0,"T=C,G=A",3a,,7,27014988,0.9259999999999999,3.05e-10,T,G,6.446810506,-0.07688104400000001,0.011925439,0.9046068000000002,0.9478991309999999,7,27016449,rs774251,0.1768,0.8191,C,G
rs10245867,chr7:28142186,chr7:28142186,0,1.0,1.0,"G=G,T=T",5,,7,28142186,0.9349,1.2199999999999999e-11,G,T,6.9586404889999995,-0.067315707,0.009673687,0.917340888,0.952795216,7,28142186,rs10245867,0.3266,0.6679999999999999,G,C
rs60600003,chr7:37382465,chr7:37382465,0,1.0,1.0,"T=T,G=G",4,,7,37382465,0.8726,4.6e-19,T,G,9.249841014,-0.136278018,0.014733012,0.847762527,0.8981651540000001,7,37382465,rs60600003,0.1044,0.9026,T,A
rs28625973,chr7:50334208,chr7:50334208,0,1.0,1.0,"A=A,G=G",5,,7,50334208,1.0912,2.58e-16,A,G,8.466948732999999,0.087278008,0.010308083000000001,1.069374786,1.1134706509999999,7,50334208,rs28625973,0.2727,0.7137,A,T
rs3801275,chr7:105751772,chr7:105751772,0,1.0,1.0,"T=T,C=C",4,missense,7,105751772,1.1282,6.34e-10,T,C,6.325192277999999,0.120623442,0.01907032,1.086808712,1.171167682,7,105751772,rs3801275,0.1077,0.8976,T,A
rs4728142,chr7:128573967,chr7:128575552,1585,0.9516,0.8638,"G=C,A=G",2b,,7,128573967,0.9449,3.37e-09,G,A,6.040200199,-0.056676177,0.009383161999999999,0.927681167,0.9624384340000001,7,128575552,rs3778754,0.4815,0.5278,C,G
rs10271373,chr7:138729795,chr7:138731398,1603,0.993,0.9094,"A=T,C=C",3a,,7,138729795,0.9459,3.11e-09,C,A,6.054219924,-0.05561842400000001,0.00918672,0.929020573,0.96308611,7,138731398,rs1047129,0.4949,0.493,C,G
rs735120,chr7:149313811,chr7:149313811,0,1.0,1.0,"C=C,T=T",4,,7,149313811,1.0813,7.99e-10,C,T,6.286550684,0.078164021,0.012433531000000001,1.0552675120000001,1.107974686,7,149313811,rs735120,0.266,0.7406,C,G
rs6999228,chr8:79557844,chr8:79557844,0,1.0,1.0,"A=A,G=G",6,,8,79557844,0.9026,5.270000000000001e-22,G,A,10.02492938,-0.102475792,0.010222096,0.884696085,0.920866243,8,79557844,rs6999228,0.2963,0.7137,G,C
chr8:95826590,chr8:95826590,chr8:95826590,0,1.0,1.0,"T=T,C=C",6,,8,95826590,0.8674,3.23e-10,T,C,6.437467297,-0.142255048,0.022097983999999998,0.8306331020000001,0.905794337,8,95826590,rs78456818,0.0354,0.9642,T,A
rs2445610,chr8:128197088,chr8:128197088,0,1.0,1.0,"A=A,G=G",4,,8,128197088,1.0728,5.660000000000001e-13,G,A,7.416712938,0.070272053,0.009474824,1.053061248,1.092908738,8,128197088,rs2445610,0.3199,0.3221,G,C
rs4410871,chr8:128815029,chr8:128809557,-5472,1.0,0.9924,"T=T,C=A",3a,,8,128815029,0.9074,5.85e-20,T,C,9.492032966,-0.097171912,0.010237208000000001,0.88937453,0.9257908029999999,8,128809557,rs6470578,0.3249,0.3072,T,A
rs16902700,chr8:129198885,chr8:129198885,0,1.0,1.0,"G=G,A=A",5,,8,129198885,0.8891,2.62e-25,G,A,10.83466515,-0.117545564,0.010849026000000001,0.8703936879999999,0.9082083440000001,8,129198885,rs16902700,0.1987,0.7932,G,C
rs7014582,chr8:144990528,chr8:144991176,648,1.0,1.0,"A=T,G=C",4,synonymous,8,144990528,1.0639,1.76e-08,G,A,5.746330764,0.061941402,0.010779296,1.0416583190000002,1.0866165890000001,8,144991176,rs6558405,0.4226,0.4423,C,G
rs4743150,chr9:100740124,chr9:100740124,0,1.0,1.0,"C=C,T=T",6,,9,100740124,1.0774,1.23e-10,C,T,6.594375117999999,0.074550731,0.011305200000000001,1.053789314,1.101539695,9,100740124,rs4743150,0.2104,0.7833,C,G
rs2104286,chr10:6099045,chr10:6099045,0,1.0,1.0,"T=T,C=C",4,,10,6099045,1.2062,2.9599999999999997e-65,T,C,18.05715769,0.187474922,0.010382305,1.181902708,1.230996791,10,6099045,rs2104286,0.2205,0.7803,T,A
rs62626325,chr10:6121285,chr10:6121285,0,1.0,1.0,"G=G,A=A",5,,10,6121285,1.1372,1.7600000000000002e-15,G,A,8.216658674,0.128569101,0.01564737,1.102852776,1.172616934,10,6121285,rs62626325,0.1566,0.836,G,C
rs1399180,chr10:8098719,chr10:8098719,0,1.0,1.0,"T=T,C=C",2b,,10,8098719,0.9078,7.159999999999999e-11,T,C,6.681315292000001,-0.09673118900000001,0.014477866,0.8824017690000001,0.93392927,10,8098719,rs1399180,0.17,0.16399999999999998,T,A
rs793108,chr10:31415106,chr10:31415106,0,1.0,1.0,"C=C,T=T",5,,10,31415106,0.9193,3.5e-19,C,T,9.282307937999999,-0.084142768,0.009064854,0.9031109340000001,0.9357792690000001,10,31415106,rs793108,0.4815,0.5457,C,G
rs224032,chr10:64521829,chr10:64521829,0,1.0,1.0,"G=G,A=A",5,,10,64521829,1.0891,3.0099999999999996e-16,G,A,8.446994387,0.08535166699999999,0.010104383,1.067743001,1.1108841809999999,10,64521829,rs224032,0.4949,0.4811,G,C
rs17741873,chr10:75653800,chr10:75653800,0,1.0,1.0,"G=G,T=T",3a,,10,75653800,1.0676,4.69e-08,G,T,5.565530457,0.06541313900000001,0.011753261999999999,1.043287458,1.092479116,10,75653800,rs17741873,0.19699999999999998,0.8111,G,C
rs1250568,chr10:81045280,chr10:81032532,-12748,0.9114,0.8009999999999999,"T=A,C=G",5,,10,81045280,0.9083,1.68e-23,T,C,10.39932852,-0.09618055800000001,0.009248728000000001,0.891983125,0.924915357,10,81032532,rs1250546,0.36200000000000004,0.6243,A,T
rs7923837,chr10:94481917,chr10:94482076,159,1.0,1.0,"G=C,A=T",4,,10,94481917,1.0859999999999999,2.0800000000000003e-17,G,A,8.786147377,0.082501222,0.00938992,1.066195791,1.106172065,10,94482076,rs7923866,0.3956,0.6252,C,G
rs11023242,chr11:14529099,chr11:14529099,0,1.0,1.0,"C=C,T=T",5,,11,14529099,1.0953,6.34e-09,C,T,5.929194171000001,0.09102829800000001,0.015352558,1.0628322559999999,1.128759579,11,14529099,rs11023242,0.1633,0.8608,C,G
chr11:14876718,chr11:14876718,chr11:15118975,242257,1.0,0.7283,"G=G,A=A",,,11,14876718,0.7772,8.759999999999999e-12,G,A,7.0089368720000005,-0.25205756100000004,0.03596231,0.724304287,0.83395867,11,15118975,rs117300835,0.0185,0.9821,G,C
rs3931757,chr11:36437982,chr11:36437982,0,1.0,1.0,"C=C,T=T",7,,11,36437982,0.9126,4.059999999999999e-08,T,C,5.592428685,-0.09145761,0.016353826999999998,0.8838118209999999,0.942325889,11,36437982,rs3931757,0.1229,0.8787,T,A
rs2957873,chr11:47249294,chr11:47247621,-1673,1.0,1.0,"G=G,A=A",5,,11,47249294,0.9169,1.47e-13,A,G,7.610627062000001,-0.086756864,0.011399437,0.896640964,0.9376167759999999,11,47247621,rs2596397,0.2138,0.8082,A,T
rs506616,chr11:60835043,chr11:60832282,-2761,0.9751,0.8041,"G=C,T=T",5,,11,60835043,1.1237,2.0000000000000002e-29,G,T,11.77157848,0.116626812,0.009907491,1.102089726,1.145734018,11,60832282,rs650258,0.3485,0.6302,C,G
rs694739,chr11:64097233,chr11:64089588,-7645,0.9929,0.9859,"A=C,G=T",6,,11,64097233,1.0681,1.1199999999999999e-11,A,G,6.970996171,0.06588136900000001,0.009450783,1.048497131,1.0880693670000001,11,64089588,rs646153,0.3923,0.6223,C,G
rs531612,chr11:65705432,chr11:65705432,0,1.0,1.0,"C=C,T=T",4,,11,65705432,0.9355,1.2e-09,C,T,6.2170842760000005,-0.066674133,0.010724341,0.916041287,0.955372058,11,65705432,rs531612,0.4478,0.4702,C,G
rs4409785,chr11:95311422,chr11:95311422,0,1.0,1.0,"T=T,C=C",4,,11,95311422,0.9196,6.8700000000000004e-12,T,C,7.045845642000001,-0.083816486,0.011895873000000001,0.8984067179999999,0.9412932279999999,11,95311422,rs4409785,0.2003,0.8101,T,A
rs72981578,chr11:95420123,chr11:95426865,6742,1.0,0.9169,"C=A,T=G",5,,11,95420123,0.9024,1.13e-09,C,T,6.227837332000001,-0.10269739800000001,0.016490058000000002,0.8737002620000001,0.932042481,11,95426865,rs58826103,0.1296,0.8499,A,T
rs585039,chr11:118563381,chr11:118563381,0,1.0,1.0,"C=C,A=A",4,,11,118563381,0.917,7.68e-17,A,C,8.62194145,-0.086647807,0.010049686,0.899114228,0.935241568,11,118563381,rs585039,0.3333,0.3141,A,T
rs12365699,chr11:118743286,chr11:118743286,0,1.0,1.0,"G=G,A=A",1f,,11,118743286,1.1237,2.1e-19,G,A,9.342577618,0.116626812,0.012483366000000001,1.096539613,1.151533127,11,118743286,rs12365699,0.1532,0.835,G,C
rs6589706,chr11:118747813,chr11:118747813,0,1.0,1.0,"A=A,G=G",4,,11,118747813,1.11,4.53e-26,A,G,11.01366724,0.104360015,0.009475500999999999,1.08957535,1.13080752,11,118747813,rs6589706,0.4377,0.4533,A,T
chr11:118762073,chr11:118762073,chr11:118763313,1240,1.0,1.0,"G=G,A=A",2b,,11,118762073,1.2659,8.750000000000001e-11,G,A,6.649110556,0.23578333199999998,0.035460883,1.18090371,1.357013952,11,118763313,rs78041268,0.0168,0.9761,G,C
rs11605422,chr11:122534190,chr11:122534190,0,1.0,1.0,"C=C,T=T",2b,,11,122534190,0.9235,1.75e-12,C,T,7.251540338,-0.079584479,0.010974838,0.903847017,0.943580311,11,122534190,rs11605422,0.36700000000000005,0.6312,C,G
rs3809006,chr11:128410836,chr11:128409084,-1752,1.0,1.0,"C=A,T=G",6,,11,128410836,0.9366,4.410000000000001e-12,T,C,7.113041391,-0.065498982,0.009208295,0.9198476320000001,0.9536574640000001,11,128409084,rs10750400,0.4529,0.5109,G,C
rs1800693,chr12:6440009,chr12:6446777,6768,0.9723,0.9454,"T=G,C=A",4,,12,6440009,0.87,2.2399999999999996e-47,T,C,15.23053833,-0.139262067,0.009143608000000001,0.854547202,0.885732231,12,6446777,rs1860545,0.4192,0.5775,G,C
rs767455,chr12:6450945,chr12:6450945,0,1.0,1.0,"T=T,C=C",4,synonymous,12,6450945,1.166,4.13e-10,T,C,6.396783383,0.153579088,0.024008798999999997,1.112402223,1.2221802259999999,12,6450945,rs767455,0.4276,0.5706,T,A
rs2364482,chr12:6502131,chr12:6502131,0,1.0,1.0,"T=T,G=G",3a,,12,6502131,0.8962,1.5100000000000002e-20,T,G,9.648098584,-0.109591677,0.011358888999999999,0.8764679879999999,0.9163762409999999,12,6502131,rs2364482,0.2155,0.7903,T,A
rs3764021,chr12:9833628,chr12:9833628,0,1.0,1.0,"C=C,T=T",7,"synonymous,missense",12,9833628,0.9095,4.96e-24,C,T,10.52846467,-0.09486028099999999,0.009009887,0.8935797790000001,0.9257038590000001,12,9833628,rs3764021,0.4949,0.5308,C,G
rs10877012,chr12:58162085,chr12:58162085,0,1.0,1.0,"G=G,T=T",6,,12,58162085,1.124,9.63e-31,G,T,12.05686492,0.11689375099999999,0.009695203000000001,1.1028427379999999,1.145563149,12,58162085,rs10877012,0.3249,0.6829,G,C
rs61708525,chr12:94661453,chr12:94661453,0,1.0,1.0,"A=A,G=G",2b,,12,94661453,1.0702,1.8e-08,G,A,5.742136075,0.067845547,0.011815385,1.045700915,1.0952730590000002,12,94661453,rs61708525,0.3148,0.327,G,C
rs3184504,chr12:111884608,chr12:111884608,0,1.0,1.0,"T=T,C=C",3a,missense,12,111884608,1.0643,4.24e-11,T,C,6.764408007,0.062317305999999996,0.009212529,1.045254868,1.083692145,12,111884608,rs3184504,0.46299999999999997,0.4642,T,A
rs883263,chr12:123485188,chr12:123485188,0,1.0,1.0,"A=A,G=G",4,,12,123485188,0.9214,2.99e-13,G,A,7.508803552000001,-0.08186102599999999,0.010902007,0.9019204470000001,0.94130027,12,123485188,rs883263,0.2189,0.7753,G,C
rs9591325,chr13:50811220,chr13:50829327,18107,1.0,0.93,"T=G,C=C",7,,13,50811220,1.2276,1.26e-19,T,C,9.402144605,0.205061044,0.021810028999999998,1.176228799,1.281214812,13,50829327,rs78212345,0.0505,0.9433,G,C
rs9562970,chr13:51002615,chr13:51002615,0,1.0,1.0,"G=G,A=A",4,,13,51002615,0.9175,4.8e-09,G,A,5.978268736,-0.086102699,0.014402614,0.8919619329999999,0.943769256,13,51002615,rs9562970,0.1246,0.8767,G,C
rs4772201,chr13:100086259,chr13:100086259,0,1.0,1.0,"A=A,G=G",4,,13,100086259,1.11,8.98e-17,A,G,8.602023062,0.104360015,0.012132032,1.083916893,1.136710764,13,100086259,rs4772201,0.1801,0.841,A,T
rs4468527,chr14:52325131,chr14:52332508,7377,0.9785,0.9373,"A=G,G=A",5,,14,52325131,0.9132,1.19e-09,G,A,6.219210866,-0.09080036400000001,0.014599982,0.887438258,0.9397095879999999,14,52332508,rs4898720,0.0859,0.8996,A,T
rs8022092,chr14:69265564,chr14:69265564,0,1.0,1.0,"C=C,A=A",4,,14,69265564,1.0822,4.14e-17,C,A,8.700009137,0.078996006,0.009079990999999999,1.06311069,1.10163208,14,69265564,rs8022092,0.4966,0.4791,C,G
rs175706,chr14:75976200,chr14:75971133,-5067,1.0,1.0,"G=A,A=C",4,,14,75976200,1.0832,5.560000000000001e-13,G,A,7.419327728,0.079919623,0.010771815,1.060570389,1.106312463,14,75971133,rs175702,0.4562,0.4662,A,T
chr14:88504511,chr14:88504511,chr14:88504511,0,1.0,1.0,"G=G,A=A",5,,14,88504511,1.3316,1.67e-30,G,A,12.00567,0.286381227,0.023853831000000002,1.270775974,1.395335288,14,88504511,rs117822168,0.0438,0.9543,G,C
rs10141746,chr14:103237259,chr14:103237259,0,1.0,1.0,"A=A,G=G",4,,14,103237259,0.9288,1.82e-09,G,A,6.146906572000001,-0.07386184900000001,0.012016101000000001,0.907180895,0.950934312,14,103237259,rs10141746,0.2761,0.6968,G,C
rs8006649,chr14:103276855,chr14:103276855,0,1.0,1.0,"A=A,G=G",4,,14,103276855,0.9138,1.9800000000000002e-15,G,A,8.200539742,-0.09014355,0.010992392,0.894322672,0.933701522,14,103276855,rs8006649,0.3316,0.6551,G,C
rs10152892,chr15:79231203,chr15:79231203,0,1.0,1.0,"A=A,C=C",2b,,15,79231203,1.1059999999999999,8.53e-17,A,C,8.608623231000001,0.100749903,0.01170337,1.080918668,1.131663312,15,79231203,rs10152892,0.2256,0.8002,A,T
rs7183707,chr15:90883733,chr15:90889323,5590,0.9603,0.9221,"G=A,T=G",3a,,15,90883733,0.9177,1.13e-12,G,T,7.3161836860000005,-0.085884739,0.011739008,0.896826198,0.9390596440000001,15,90889323,rs7162687,0.3047,0.6809,A,T
rs108990,chr16:1065433,chr16:1067832,2399,0.9883,0.9544,"T=G,C=T",5,,16,1065433,0.9082,3.05e-15,T,C,8.143407392,-0.09629066,0.01182437,0.887393801,0.9294940290000001,16,1067832,rs405343,0.1751,0.8211,G,C
rs1985372,chr16:11114839,chr16:11114839,0,1.0,1.0,"C=C,T=T",4,,16,11114839,0.9084,4.09e-09,T,C,6.006491596,-0.096070469,0.01599444,0.88036422,0.937328598,16,11114839,rs1985372,0.4226,0.4125,T,A
rs12708716,chr16:11179873,chr16:11179873,0,1.0,1.0,"A=A,G=G",1f,,16,11179873,0.8367,3.7e-71,G,A,18.90186231,-0.17828969600000003,0.009432388,0.821373635,0.8523123459999999,16,11179873,rs12708716,0.3704,0.3588,G,C
rs12928822,chr16:11403893,chr16:11403893,0,1.0,1.0,"C=C,T=T",1f,,16,11403893,1.1463,1.3e-23,C,T,10.42634847,0.136539364,0.013095606999999999,1.11725186,1.176103381,16,11403893,rs12928822,0.1465,0.841,C,G
rs36090551,chr16:11443873,chr16:11443873,0,1.0,1.0,"G=G,T=T",2a,,16,11443873,0.9169,5.01e-16,G,T,8.381171586,-0.086756864,0.010351401,0.898484693,0.935692746,16,11443873,rs36090551,0.2508,0.7575,G,C
rs4609871,chr16:29932064,chr16:29932064,0,1.0,1.0,"C=C,T=T",1f,,16,29932064,0.9138,1.2300000000000002e-21,C,T,9.930918516,-0.09014355,0.009077060999999999,0.897686313,0.930202931,16,29932064,rs4609871,0.4949,0.4881,C,G
rs9937051,chr16:57106671,chr16:57110443,3772,1.0,0.7818,"C=C,T=G",4,,16,57106671,1.0878,4.3e-09,T,C,5.997803084,0.08415730800000001,0.014031356000000002,1.058291538,1.11813125,16,57110443,rs60748283,0.1667,0.16699999999999998,G,C
rs7196953,chr16:79649394,chr16:79650056,662,1.0,0.9845,"A=T,G=A",5,,16,79649394,0.9252,3.7e-14,G,A,7.803842292000001,-0.077745349,0.009962445,0.90730942,0.9434433520000001,16,79650056,rs2348180,0.3131,0.6909,A,T
rs35703946,chr16:86021505,chr16:86021505,0,1.0,1.0,"G=G,A=A",4,,16,86021505,1.1315,2.8300000000000005e-17,G,A,8.747767044,0.123544186,0.01412294,1.100608517,1.1632585340000001,16,86021505,rs35703946,0.1481,0.8628,G,C
rs2306593,chr17:34866546,chr17:34866546,0,1.0,1.0,"C=C,T=T",4,,17,34866546,0.9161,1.13e-15,T,C,8.274296435,-0.08762975,0.010590598,0.8972799920000001,0.9353147479999999,17,34866546,rs2306593,0.4714,0.5119,T,A
rs9909593,chr17:37970149,chr17:37970149,0,1.0,1.0,"A=A,G=G",1f,,17,37970149,0.9249,8.569999999999999e-17,A,G,8.608058866,-0.078069655,0.009069368000000001,0.908604278,0.9414879840000001,17,37970149,rs9909593,0.4933,0.5159,A,T
rs883871,chr17:38252660,chr17:38252660,0,1.0,1.0,"G=G,A=A",3a,,17,38252660,0.8865,8.56e-14,G,A,7.686502453999999,-0.12047415300000001,0.015673468,0.8596807740000001,0.914155898,17,38252660,rs883871,0.1532,0.8499,G,C
rs17886724,chr17:40496163,chr17:40496024,-139,1.0,1.0,"A=C,G=T",5,,17,40496163,0.8976,2.3199999999999997e-28,A,G,11.5360434,-0.108030744,0.009364627,0.8812751259999999,0.9142272779999999,17,40496024,rs7217655,0.3687,0.6372,C,G
rs7216796,chr17:43392208,chr17:43389726,-2482,1.0,0.9933,"G=T,A=A",4,,17,43392208,1.0617,2.0899999999999998e-10,A,G,6.5083937370000005,0.059871397,0.009199105,1.04272883,1.081016328,17,43389726,rs11869999,0.4983,0.5209,A,T
rs11079784,chr17:45702280,chr17:45702280,0,1.0,1.0,"T=T,C=C",1b,,17,45702280,1.1074,1.99e-27,C,T,11.32599962,0.102014925,0.009007145,1.088021512,1.127123633,17,45702280,rs11079784,0.46299999999999997,0.5258,C,G
rs8070345,chr17:57816757,chr17:57826731,9974,1.0,1.0,"T=C,C=A",4,,17,57816757,1.1163,4.05e-31,T,C,12.13716675,0.110019645,0.009064689,1.096642077,1.136310302,17,57826731,rs2665397,0.4545,0.4563,C,G
rs9913257,chr17:73320893,chr17:73321117,224,1.0,1.0,"C=T,T=C",5,,17,73320893,1.0648,4.7599999999999996e-08,C,T,5.56252109,0.062786988,0.011287506000000001,1.0415015570000001,1.08861963,17,73321117,rs2385263,0.2727,0.2624,T,A
rs9947399,chr18:56271544,chr18:56271544,0,1.0,1.0,"G=G,A=A",4,,18,56271544,1.0626,3.9e-10,G,A,6.406232794,0.060718735,0.009478071999999999,1.043042282,1.0825244379999999,18,56271544,rs9947399,0.4007,0.4145,G,C
rs4545915,chr18:56422868,chr18:56422868,0,1.0,1.0,"A=A,G=G",3a,,18,56422868,0.9179999999999999,4.85e-11,A,G,6.74314187,-0.08555788800000001,0.012688133999999998,0.895452026,0.9411157440000001,18,56422868,rs4545915,0.2138,0.2187,A,T
rs1610555,chr18:67543147,chr18:67543147,0,1.0,1.0,"G=G,T=T",6,,18,67543147,0.9482,2.92e-08,G,T,5.653573699,-0.053189829,0.009408178,0.9308753879999999,0.965847042,18,67543147,rs1610555,0.4141,0.6054,G,C
rs2992,chr19:4443046,chr19:4443046,0,1.0,1.0,"T=T,C=C",4,,19,4443046,0.9324,5.560000000000001e-09,T,C,5.952469964,-0.069993372,0.011758711000000002,0.911156648,0.9541386340000001,19,4443046,rs2992,0.2912,0.7197,T,A
rs1077667,chr19:6668972,chr19:6668972,0,1.0,1.0,"C=C,T=T",3a,,19,6668972,1.1546,7.88e-33,C,T,12.49645898,0.143753964,0.011503576000000001,1.128858511,1.180928475,19,6668972,rs1077667,0.2391,0.7714,C,G
rs34536443,chr19:10463118,chr19:10427721,-35397,0.9267,0.8002,"G=T,C=A",4,,19,10463118,1.204,3.39e-11,G,C,6.799441448,0.185649347,0.027303617000000002,1.141261531,1.270187385,19,10427721,rs74956615,0.0253,0.9702,T,A
rs1051738,chr19:10577843,chr19:10526854,-50989,0.8868,0.7313,"C=C,A=A",2b,,19,10577843,1.1171,3.61e-19,C,A,9.278505077,0.11073604199999999,0.011934686000000002,1.0912720759999999,1.143539212,19,10526854,rs34953890,0.1717,0.8320000000000001,C,G
rs12460421,chr19:10981352,chr19:11045531,64179,0.9861,0.9271,"A=T,G=C",5,,19,10981352,1.0581,5.27e-09,A,G,5.961843636,0.056474847,0.009472715,1.038636012,1.077928743,19,11045531,rs36059375,0.4444,0.5606,T,A
rs1870071,chr19:16505106,chr19:16505106,0,1.0,1.0,"T=T,C=C",4,,19,16505106,1.1079999999999999,4.42e-24,C,T,10.54059541,0.102556588,0.009729676999999999,1.087070454,1.129332506,19,16505106,rs1870071,0.3047,0.3072,C,G
rs11554159,chr19:18285944,chr19:18285944,0,1.0,1.0,"G=G,A=A",4,missense,19,18285944,0.893,5.83e-25,A,G,10.75221849,-0.11316869800000001,0.010525149,0.874766759,0.911613287,19,18285944,rs11554159,0.2643,0.2704,A,T
rs7260482,chr19:45143942,chr19:45143942,0,1.0,1.0,"A=A,C=C",4,,19,45143942,0.9278,1.4300000000000002e-09,A,C,6.188433718,-0.074939087,0.01210954,0.9060382229999999,0.950084465,19,45143942,rs7260482,0.271,0.7316,A,T
rs307896,chr19:47661493,chr19:47661493,0,1.0,1.0,"G=G,A=A",3a,,19,47661493,1.0769,2.44e-09,G,A,6.0960466989999995,0.074086543,0.012153211,1.051551034,1.102860035,19,47661493,rs307896,0.2694,0.7336,G,C
rs8107548,chr19:49870643,chr19:49869051,-1592,1.0,0.9907,"T=T,C=G",5,,19,49870643,0.9113,3.02e-18,T,C,9.023395178,-0.092883127,0.01029359,0.893098356,0.9298726,19,49869051,rs2303759,0.2374,0.7604,T,A
rs6072343,chr20:39968188,chr20:39968188,0,1.0,1.0,"G=G,A=A",2b,,20,39968188,0.9246,2.6899999999999996e-09,G,A,6.079259781,-0.078394067,0.012895331000000001,0.901523728,0.948266955,20,39968188,rs6072343,0.1549,0.8608,G,C
rs6032662,chr20:44734310,chr20:44734310,0,1.0,1.0,"C=C,T=T",5,,20,44734310,1.0995,5.28e-19,C,T,9.233245308999999,0.09485553099999999,0.01027326,1.077582322,1.121863476,20,44734310,rs6032662,0.2559,0.2575,C,G
rs719219,chr20:48435408,chr20:48435408,0,1.0,1.0,"G=G,A=A",5,,20,48435408,1.0590976490000001,5.12e-08,A,G,5.549018053999999,0.057417271,0.010347285,1.037834772,1.080796154,20,48435408,rs719219,0.298,0.3062,A,T
rs2616277,chr20:52745040,chr20:52745040,0,1.0,1.0,"C=C,T=T",2b,,20,52745040,0.9192,3.13e-10,C,T,6.442441831,-0.084251552,0.013077581000000001,0.895938407,0.943065543,20,52745040,rs2616277,0.2357,0.7982,C,G
rs2248359,chr20:52791518,chr20:52789743,-1775,0.9723,0.9388,"C=C,T=G",4,,20,52791518,0.9158,1.92e-19,T,C,9.353010289,-0.087957279,0.009404168000000001,0.899074437,0.93283671,20,52789743,rs2248137,0.4209,0.4046,G,C
rs1151625,chr20:62369997,chr20:62369997,0,1.0,1.0,"C=C,T=T",4,,20,62369997,1.1492,4.11e-14,C,T,7.789200826,0.139066048,0.017853699,1.109681234,1.190126136,20,62369997,rs1151625,0.0741,0.9165,C,G
rs9808753,chr21:34787312,chr21:34787312,0,1.0,1.0,"A=A,G=G",4,missense,21,34787312,1.082,1.6e-09,G,A,6.169313292000001,0.07881118,0.012774708999999999,1.055244772,1.109433594,21,34787312,rs9808753,0.1616,0.1431,G,C
rs1041796,chr21:39852472,chr21:39852472,0,1.0,1.0,"T=T,C=C",5,,21,39852472,0.904,2.62e-10,T,C,6.471536472,-0.100925919,0.015595356999999999,0.8767855729999999,0.932059132,21,39852472,rs1041796,0.1027,0.8926,T,A
rs2283792,chr22:22131125,chr22:22131125,0,1.0,1.0,"T=T,G=G",4,,22,22131125,1.0893,1.16e-19,G,T,9.412093804,0.085535288,0.009087807,1.0700690590000002,1.108876554,22,22131125,rs2283792,0.4865,0.5199,G,C
rs2027982,chr22:31593435,chr22:31593435,0,1.0,1.0,"T=T,C=C",5,,22,31593435,1.0652,1.06e-08,C,T,5.837550074,0.063162575,0.010820048999999998,1.042847841,1.08803125,22,31593435,rs2027982,0.4226,0.5795,C,G
rs2413436,chr22:37312561,chr22:37312561,0,1.0,1.0,"A=A,G=G",4,,22,37312561,1.0645,5.3499999999999996e-11,A,G,6.7274020420000005,0.062505205,0.009291136,1.04529023,1.084062796,22,37312561,rs2413436,0.4495,0.4801,A,T
rs137956,chr22:40293463,chr22:40293463,0,1.0,1.0,"C=C,T=T",5,,22,40293463,1.0568,9.63e-09,C,T,5.854841033,0.055245474,0.009435862,1.037434858,1.076526619,22,40293463,rs137956,0.436,0.4314,C,G
rs361725,chr22:50971047,chr22:50964862,-6185,0.9921,0.7712,"T=G,C=A",2a,synonymous,22,50971047,0.8962,1.31e-21,C,T,9.92432988,-0.109591677,0.011042728,0.8770112809999999,0.915808562,22,50964862,rs131804,0.4394,0.5736,A,T
