Region	Step	Effect	Chromosome	Position (hg19)	A1 effect	A2 effect	OR effect conditional 	P effect conditional	OR effect marginal 	P effect marginal 	SNP discovery	A1 discovery	A2 discovery	r2	D'	OR discovery	P discovery	SNP MS Chip	A1 MS Chip	A2 MS Chip	OR MS Chip	P MS Chip	SNP ICv2	A1 ICv2	A2 ICv2	OR ICv2	P ICv2	OR (joined)	P (joined)	Type	Proximal Gene(s) 
Region6:chr16:11213951	0	chr16:11213951	16	11213951	T	C	0.8293	4.65E-24	0.8293	4.65E-24	rs12708716	G	A	0.175	0.615	0.847	6.60E-22	16:11179873:rs12708716	G	A	0.834	5.13E-31	rs12708716	G	A	0.828	7.18E-22	0.837	3.70E-71	intronic	CLEC16A
Region11:rs10801908	0	rs10801908	1	117090493	C	T	1.2398	3.54E-16	1.2398	3.54E-16	rs1335532	A	G	0.925	1	1.231	9.53E-16	1:117100957__d1:d1__imm_1_116902480	A	G	1.35	1.26E-39	imm_1_116902480	A	G	1.306	1.12E-19	1.299	4.55E-70	intronic	CD58
Region5:rs11256593	0	rs11256593	10	6117322	T	C	1.2048	6.78E-27	1.2048	6.78E-27	rs2104286	T	C	0.278	0.878	1.226	3.64E-26	10:6099045:imm_10_6139051	T	C	1.186	7.52E-24	imm_10_6139051	T	C	1.214	5.01E-19	1.206	2.96E-65	intergenic	"IL2RA(dist=12989),RBM17(dist=13627)"
Region9:rs438613	0	rs438613	3	28072086	C	T	1.148	9.43E-17	1.148	9.43E-17	rs438613	C	T	1	1	1.148	9.43E-17	3:28072086__d1:d1__rs438613	C	T	1.161	3.71E-24	1kg_3_28047090	C	T	1.136	6.63E-12	1.15	2.31E-49	intergenic	"EOMES(dist=307880),CMC1(dist=211038)"
Region17:rs1800693	0	rs1800693	12	6440009	T	C	0.8808	1.02E-13	0.8808	1.02E-13	rs1800693	T	C	1	1	0.881	1.02E-13	12:6440009__d1:d1__rs1800693	T	C	0.854	3.88E-26	imm_12_6310270	T	C	0.883	2.58E-11	0.87	2.24E-47	intronic	TNFRSF1A
Region15:chr3:121765368	0	chr3:121765368	3	121765368	C	G	1.1544	6.34E-15	1.1544	6.34E-15	rs2255214	G	T	0.784	0.958	1.128	3.35E-13	3:121770539__d1:d1__rs2255214	G	T	1.152	2.65E-22	rs2255214	G	T	1.129	7.76E-11	1.138	6.98E-43	intergenic	"ILDR1(dist=24241),CD86(dist=8841)"
Region10:rs6670198	0	rs6670198	1	2520527	C	T	0.865	2.03E-16	0.865	2.03E-16	rs3748817	C	T	0.994	1	0.87	1.19E-15	1:2525665:imm_1_2515525	C	T	0.891	2.09E-13	imm_1_2515525	C	T	0.875	6.88E-11	0.88	1.54E-36	intronic	FAM213B
Region20:rs62420820	0	rs62420820	6	137438057	A	G	1.1471	2.50E-13	1.1471	2.50E-13	rs17066096	G	A	0.978	1	1.145	4.13E-13	6:137452908:rs17066096	G	A	1.152	8.10E-17	rs17066096	G	A	1.132	4.81E-09	1.144	9.26E-36	intergenic	"IL20RA(dist=71740),IL22RA2(dist=26900)"
Region28:rs1738074	0	rs1738074	6	159465977	T	C	0.8925	9.91E-12	0.8925	9.91E-12	rs212397	C	A	0.588	0.895	0.908	4.28E-08	6:159474624:imm_6_159394612	C	A	0.864	1.05E-20	imm_6_159394612	C	A	0.882	1.91E-10	0.883	3.48E-35	UTR5	"TAGAP(NM_152133:c.-4170A>G,NM_054114:c.-799A>G,NM_138810:c.-799A>G)"
Region26:rs35540610	0	rs35540610	2	231121829	C	T	1.1447	2.88E-12	1.1447	2.88E-12	rs35540610	C	T	1	1	1.145	2.88E-12	2:231121829:rs35540610	C	T	1.134	4.43E-13	imm_2_230830073	C	T	1.152	4.29E-11	1.142	2.98E-33	intronic	SP140
Region64:rs1323292	0	rs1323292	1	192541021	A	G	1.1316	1.40E-08	1.1316	1.40E-08	rs1323292	A	G	1	1	1.132	1.40E-08	1:192541021__d1:d1__rs1323292	A	G	1.183	1.03E-17	imm_1_190807644	A	G	1.171	1.76E-10	1.163	3.64E-33	intergenic	"RGS21(dist=204607),RGS1(dist=3836)"
Region23:rs1077667	0	rs1077667	19	6668972	C	T	1.164	8.37E-13	1.164	8.37E-13	rs1077667	C	T	1	1	1.164	8.37E-13	19:6668972:rs1077667	C	T	1.145	3.87E-13	rs1077667	C	T	1.159	4.42E-10	1.155	7.88E-33	intronic	TNFSF14
Region40:rs35486093	0	rs35486093	1	85729820	A	G	0.8357	1.60E-10	0.8357	1.60E-10	rs12087340	C	T	0.965	1	0.837	2.87E-10	1:85746993__d1:d1__rs12087340	C	T	0.827	1.17E-13	rs12087340	C	T	0.815	1.29E-10	0.827	2.27E-31	intergenic	"C1orf52(dist=4465),BCL10(dist=1640)"
Region46:rs2150879	0	rs2150879	17	57859210	G	A	1.1091	3.29E-10	1.1091	3.29E-10	rs8070345	T	C	0.948	0.995	1.105	1.86E-09	17:57816757:rs8070345	T	C	1.11	1.22E-12	rs8070345	T	C	1.141	1.58E-12	1.116	4.05E-31	intronic	VMP1
Region29:rs701006	0	rs701006	12	58106836	G	A	1.1206	1.35E-11	1.1206	1.35E-11	rs10877012	G	T	0.634	0.941	1.122	7.60E-11	12:58162085:chr12:58162085	G	T	1.122	2.19E-13	imm_12_56448352	G	T	1.129	1.33E-09	1.124	9.63E-31	intronic	OS9
Region25:chr14:88523488	0	chr14:88523488	14	88523488	C	T	1.3474	2.09E-12	1.3474	2.09E-12	chr14:88504511	G	A	0.919	1	1.374	4.51E-12	14:88504511:chr14:88504511	G	A	1.334	3.94E-14	1kg_14_87574264	G	A	1.284	1.37E-07	1.332	1.67E-30	ncRNA_intronic	LINC01146
Region13:rs11809700	0	rs11809700	1	93152635	C	T	0.8655	3.51E-15	0.8655	3.51E-15	rs11577426	C	T	0.942	1	0.869	3.66E-14	1:93160238:rs11577426	C	T	0.884	1.20E-13	1kg_1_92932826	C	T	0.908	5.28E-06	0.885	2.95E-30	intronic	EVI5
Region50:rs9843355	0	rs9843355	3	119228508	G	A	1.1432	4.73E-10	1.1432	4.73E-10	rs9843355	G	A	1	1	1.143	4.73E-10	3:119228508__d1:d1__rs9843355	G	A	1.149	1.04E-12	imm_3_120711198	G	A	1.17	1.55E-10	1.153	4.14E-30	intronic	TIMMDC1
Region14:rs4939490	0	rs4939490	11	60793651	G	C	1.1464	4.25E-15	1.1464	4.25E-15	rs506616	G	T	0.107	0.582	1.139	8.93E-12	11:60835043:rs506616	G	T	1.138	3.05E-16	imm_11_60591619	G	T	1.086	2.86E-05	1.124	2.00E-29	intergenic	"CD6(dist=5803),CD5(dist=76279)"
Region19:rs4896153	0	rs4896153	6	135833463	A	T	0.8708	1.65E-13	0.8708	1.65E-13	rs12206850	T	C	0.602	0.992	0.887	9.83E-13	6:135797808__d1:d1__rs12206850	T	C	0.901	7.14E-12	rs12206850	T	C	0.902	7.18E-08	0.897	2.72E-29	ncRNA_intronic	LINC00271
Region37:rs72928038	0	rs72928038	6	90976768	G	A	0.8517	9.01E-11	0.8517	9.01E-11	rs72928038	G	A	1	1	0.852	9.01E-11	6:90976768__d1:d1__rs72928038	G	A	0.855	4.26E-16	imm_6_91033489	G	A	0.899	1.20E-05	0.866	8.38E-29	intronic	BACH2
Region51:rs10063294	0	rs10063294	5	35877505	A	G	0.9057	1.13E-09	0.9057	1.13E-09	rs11567694	G	A	0.292	1	0.893	1.35E-09	5:35857704:imm_5_35893461	G	A	0.876	4.12E-15	imm_5_35893461	G	A	0.899	4.60E-07	0.887	1.58E-28	UTR3	IL7R(NM_002185:c.*917A>G)
Region18:rs1026916	0	rs1026916	17	40529835	G	A	0.8784	1.02E-13	0.8784	1.02E-13	rs17886724	A	G	0.978	0.994	0.883	1.94E-13	17:40496163:imm_17_37749689	A	G	0.898	2.91E-12	imm_17_37749689	A	G	0.915	4.24E-06	0.898	2.32E-28	intronic	STAT3
Region39:rs1014486	0	rs1014486	3	159691112	C	T	1.1108	1.36E-10	1.1108	1.36E-10	rs1014486	C	T	1	1	1.111	1.36E-10	3:159691112__d1:d1__rs1014486	C	T	1.105	2.51E-11	imm_3_161173806	C	T	1.118	2.07E-09	1.11	3.13E-28	ncRNA_intronic	IL12A-AS1
Region34:rs11079784	0	rs11079784	17	45702280	C	T	1.1131	4.34E-11	1.1131	4.34E-11	rs11079784	C	T	1	1	1.113	4.34E-11	17:45702280__d1:d1__rs11079784	C	T	1.124	1.79E-15	rs11079784	C	T	1.074	1.11E-04	1.107	1.99E-27	intergenic	"NPEPPS(dist=1638),KPNB1(dist=24924)"
Region44:rs12365699	2	rs6589706	11	118747813	A	G	1.1093	2.20E-09	1.088	5.88E-07	rs6589706	A	G	1	1	1.109	2.20E-09	11:118747813__d1:d1__rs6589706	A	G	1.118	6.30E-13	imm_11_118253023	A	G	1.099	7.68E-07	1.11	4.53E-26	intergenic	"DDX6(dist=85841),CXCR5(dist=6662)"
Region56:rs6990534	1	chr8:129177769	8	129177769	T	C	0.8861	1.23E-08	0.893	8.80E-08	rs16902700	G	A	0.889	1	0.897	2.36E-08	8:129198885:imm_8_129268067	G	A	0.877	1.42E-13	imm_8_129268067	G	A	0.898	1.49E-06	0.889	2.62E-25	intergenic	"MIR1208(dist=15335),LINC00824(dist=239747)"
Region7:rs11749040	0	rs11749040	5	40396425	G	A	0.8214	3.54E-17	0.8214	3.54E-17	rs11740512	A	C	0.977	1	0.825	1.13E-16	5:40424048:imm_5_40459805	A	C	0.877	4.00E-10	imm_5_40459805	A	C	0.922	2.49E-03	0.87	4.54E-25	intergenic	"LINC00603(dist=342999),PTGER4(dist=283607)"
Region20:rs62420820	1	rs631204	6	137959455	A	C	1.1159	2.60E-11	1.1194	6.45E-12	rs35858108	T	C	0.553	0.982	1.117	4.16E-10	6:137970958:imm_6_138012651	T	C	1.128	1.72E-13	imm_6_138012651	T	C	1.084	6.94E-05	1.113	4.92E-25	intergenic	"OLIG3(dist=143924),LOC102723649(dist=27328)"
Region22:rs4808760	0	rs4808760	19	18301979	G	C	0.8741	4.84E-13	0.8741	4.84E-13	rs11554159	A	G	0.929	0.993	0.873	1.40E-12	19:18285944:rs11554159	A	G	0.913	8.36E-08	chr19_18146944	A	G	0.887	2.95E-08	0.893	5.83E-25	intergenic	"IFI30(dist=13045),MPV17L2(dist=2061)"
Region35:rs12478539	0	rs12478539	2	43355324	G	C	1.1311	4.37E-11	1.1311	4.37E-11	rs17030410	T	G	0.973	1	1.13	1.13E-10	2:43356490:rs17030410	T	G	1.115	5.62E-11	1kg_2_43209994	T	G	1.102	5.50E-06	1.117	1.65E-24	intergenic	"LOC102723854(dist=88642),ZFP36L2(dist=94217)"
Region87:rs58166386	0	rs58166386	19	16559421	G	A	1.095	2.54E-07	1.095	2.54E-07	rs1870071	C	T	0.975	0.988	1.092	4.61E-07	19:16505106__d1:d1__rs1870071	C	T	1.112	2.28E-11	rs1870071	C	T	1.122	7.39E-09	1.108	4.42E-24	intronic	EPS15L1
Region47:rs7977720	0	rs7977720	12	9866349	C	T	0.903	3.96E-10	0.903	3.96E-10	rs3764021	C	T	0.963	0.989	0.904	4.22E-10	exm982927	C	T	0.905	1.39E-11	imm_12_9724895	C	T	0.924	1.74E-05	0.91	4.96E-24	intergenic	"CLEC2D(dist=14198),CLECL1(dist=2107)"
Region6:chr16:11213951	3	rs34947566	16	11412926	C	A	1.1229	1.61E-06	1.1412	3.96E-09	rs12928822	C	T	0.969	0.99	1.122	1.62E-06	16:11403893:rs12928822	C	T	1.15	3.59E-11	imm_16_11311394	C	T	1.171	3.45E-09	1.146	1.30E-23	intergenic	"PRM1(dist=37734),RMI2(dist=26385)"
Region30:rs1250551	0	rs1250551	10	81059335	G	T	0.8907	2.66E-11	0.8907	2.66E-11	rs1250568	T	C	0.455	0.767	0.899	6.34E-10	10:81045280:imm_10_80715286	T	C	0.909	1.27E-10	imm_10_80715286	T	C	0.918	4.84E-06	0.908	1.68E-23	intronic	ZMIZ1
Region16:rs34723276	0	rs34723276	1	101290432	A	G	1.2177	1.36E-14	1.2177	1.36E-14	rs12132283	A	C	0.518	1	1.132	3.44E-14	1:101294036:1kg_1_101066624	A	C	1.084	4.25E-08	1kg_1_101066624	A	C	1.073	1.59E-04	1.097	1.11E-22	intergenic	"VCAM1(dist=85831),EXTL2(dist=47496)"
Region49:rs28703878	0	rs28703878	8	79417222	A	G	0.8749	4.51E-10	0.8749	4.51E-10	rs6999228	G	A	0.146	0.401	0.901	1.27E-08	8:79557844:1kg_8_79720399	G	A	0.912	3.50E-08	1kg_8_79720399	G	A	0.889	2.42E-08	0.903	5.27E-22	intergenic	"LOC102724874(dist=1028655),PKIA(dist=11114)"
Region74:rs3809627	0	rs3809627	16	30103160	A	C	0.9076	3.25E-08	0.9076	3.25E-08	rs4609871	C	T	0.345	0.672	0.92	3.69E-07	16:29932064:rs4609871	C	T	0.898	2.21E-13	rs4609871	C	T	0.932	1.48E-04	0.914	1.23E-21	intronic	TBX6
Region43:rs140522	0	rs140522	22	50971266	C	T	0.8953	2.85E-10	0.8953	2.85E-10	rs361725	C	T	0.839	1	0.896	3.25E-10	22:50971047:rs361725	C	T	0.896	6.57E-13	NA	NA	NA	NA	NA	0.896	1.31E-21	upstream	ODF3B
Region98:rs67111717	0	rs67111717	5	176790162	G	A	1.1003	4.96E-07	1.1003	4.96E-07	rs35716097	T	C	0.628	0.872	1.076	1.71E-04	5:176806636:rs35716097	T	C	1.13	1.88E-14	rs35716097	T	C	1.094	5.50E-06	1.104	3.18E-21	intronic	RGS14
Region32:rs59655222	0	rs59655222	1	200875897	T	C	1.1311	3.76E-11	1.1311	3.76E-11	rs59655222	T	C	1	1	1.131	3.76E-11	1:200875897__d1:d1__rs59655222	T	C	1.086	5.28E-07	imm_1_199142520	T	C	1.104	2.59E-06	1.105	5.66E-21	intronic	C1orf106
Region17:rs1800693	1	rs2364485	12	6514963	C	A	0.9096	2.19E-05	0.9041	5.78E-06	rs2364482	T	G	0.886	1	0.919	5.58E-05	12:6502131:rs2364482	T	G	0.885	1.38E-11	rs2364482	T	G	0.887	2.55E-07	0.896	1.51E-20	intergenic	"LTBR(dist=14226),CD27-AS1(dist=33204)"
Region15:chr3:121765368	1	rs2331964	3	121542898	C	T	1.0889	5.89E-07	1.1042	4.65E-09	rs12695416	G	A	1	1	1.088	7.68E-07	3:121551570:rs12695416	G	A	1.073	4.71E-06	rs12695416	G	A	1.139	2.58E-11	1.095	4.91E-20	intronic	IQCB1
Region56:rs6990534	0	rs6990534	8	128814091	A	G	0.8984	3.60E-09	0.8984	3.60E-09	rs4410871	T	C	0.886	1	0.903	3.45E-08	8:128815029__d1:d1__rs4410871	T	C	0.922	1.07E-06	rs4410871	T	C	0.889	2.09E-08	0.907	5.85E-20	intergenic	"MIR1204(dist=5817),PVT1(dist=88783)"
Region19:rs4896153	1	rs2327586	6	135495226	T	C	1.125	7.82E-10	1.1113	3.08E-08	rs9321490	C	T	0.959	1	1.123	1.33E-09	6:135494875:rs9321490	C	T	1.114	2.25E-10	rs9321490	C	T	1.068	2.62E-03	1.105	9.48E-20	intergenic	"HBS1L(dist=119190),MYB(dist=7227)"
Region71:rs12925972	0	rs12925972	16	79111297	C	T	1.0992	3.07E-08	1.0992	3.07E-08	rs12925972	C	T	1	1	1.099	3.07E-08	16:79111297:rs12925972	C	T	1.113	5.42E-13	NA	NA	NA	NA	NA	1.107	1.11E-19	intronic	WWOX
Region27:rs9610458	0	rs9610458	22	22205353	T	C	1.121	4.57E-12	1.121	4.57E-12	rs2283792	G	T	0.884	0.983	1.113	5.40E-11	22:22131125__d1:d1__rs2283792	G	T	1.076	7.16E-07	rs2283792	G	T	1.08	3.12E-05	1.089	1.16E-19	intronic	MAPK1
Region48:rs9591325	0	rs9591325	13	50811220	T	C	1.2366	4.16E-10	1.2366	4.16E-10	rs9591325	T	C	1	1	1.237	4.16E-10	13:50811220__d1:d1__rs9591325	T	C	1.22	4.96E-11	NA	NA	NA	NA	NA	1.228	1.26E-19	ncRNA_intronic	DLEU1
Region36:rs2248137	0	rs2248137	20	52789743	G	C	0.894	7.81E-11	0.894	7.81E-11	rs2248359	T	C	0.956	0.983	0.895	8.23E-11	20:52791518__d1:d1__rs2248359	T	C	0.923	1.36E-07	rs2248359	T	C	0.931	1.69E-04	0.916	1.92E-19	intronic	CYP24A1
Region44:rs12365699	0	rs12365699	11	118743286	G	A	1.1546	3.15E-10	1.1546	3.15E-10	rs12365699	G	A	1	1	1.155	3.15E-10	11:118743286__d1:d1__rs12365699	G	A	1.106	4.47E-07	imm_11_118248496	G	A	1.114	1.98E-05	1.124	2.10E-19	intergenic	"DDX6(dist=81314),CXCR5(dist=11189)"
Region61:rs1177228	0	rs1177228	2	61242410	G	A	1.1134	8.57E-09	1.1134	8.57E-09	rs2278300	G	T	0.48	0.815	1.094	2.92E-07	2:61176073:imm_2_61029577	G	T	1.088	9.21E-08	imm_2_61029577	G	T	1.109	2.34E-07	1.095	2.31E-19	intronic	PUS10
Region144:rs1076928	0	rs1076928	6	36348689	C	T	0.9266	4.22E-06	0.9266	4.22E-06	rs879036	C	T	0.169	1	0.905	2.58E-05	6:36349890:rs879036	C	T	0.88	1.72E-09	rs879036	C	T	0.869	1.17E-07	0.885	2.75E-19	intronic	ETV7
Region134:rs1087056	0	rs1087056	10	31395761	G	A	0.9254	3.12E-06	0.9254	3.12E-06	rs793108	C	T	0.556	0.816	0.933	1.78E-05	10:31415106:rs793108	C	T	0.912	3.42E-10	rs793108	C	T	0.914	1.23E-06	0.919	3.50E-19	intergenic	"ZNF438(dist=74895),ZEB1-AS1(dist=209696)"
Region33:rs28834106	0	rs28834106	19	10592144	T	C	1.1381	3.79E-11	1.1381	3.79E-11	rs1051738	C	A	0.517	0.897	1.117	2.91E-07	19:10577843:imm_19_10438843	C	A	1.117	9.22E-09	imm_19_10438843	C	A	1.117	5.20E-06	1.117	3.61E-19	intergenic	"PDE4A(dist=11837),KEAP1(dist=4652)"
Region94:rs60600003	0	rs60600003	7	37382465	T	G	0.8747	4.20E-07	0.8747	4.20E-07	rs60600003	T	G	1	1	0.875	4.20E-07	7:37382465__d1:d1__rs60600003	T	G	0.893	2.32E-06	1kg_7_37348990	T	G	0.839	4.73E-09	0.873	4.60E-19	intronic	ELMO1
Region21:rs6032662	0	rs6032662	20	44734310	C	T	1.1432	2.85E-13	1.1432	2.85E-13	rs6032662	C	T	1	1	1.143	2.85E-13	20:44734310__d1:d1__rs6032662	C	T	1.082	2.76E-06	imm_20_44167717	C	T	1.072	9.25E-04	1.1	5.28E-19	intergenic	"NCOA5(dist=15730),CD40(dist=12596)"
Region24:rs2546890	0	rs2546890	5	158759900	A	G	1.1241	1.04E-12	1.1241	1.04E-12	rs2546890	A	G	1	1	1.124	1.04E-12	5:158759900:rs2546890	A	G	1.07	5.19E-06	imm_5_158692478	A	G	1.071	2.07E-04	1.088	5.30E-19	ncRNA_exonic	LOC285626
Region62:rs55858457	1	rs10951042	7	3139417	C	T	1.0817	2.02E-06	1.0817	2.00E-06	rs10951042	C	T	1	1	1.082	2.02E-06	7:3139417__d2:d2__rs10951042	C	T	1.119	4.37E-14	NA	NA	NA	NA	NA	1.102	1.50E-18	intergenic	"CARD11(dist=55838),LOC100129603(dist=41148)"
Region88:rs9878602	0	rs9878602	3	71535338	T	G	1.0872	2.60E-07	1.0872	2.60E-07	rs9878602	T	G	1	1	1.087	2.60E-07	3:71535338__d1:d1__rs9878602	T	G	1.111	8.22E-13	NA	NA	NA	NA	NA	1.1	1.91E-18	intronic	FOXP1
Region31:rs1465697	0	rs1465697	19	49837246	C	T	0.8831	3.48E-11	0.8831	3.48E-11	rs8107548	T	C	0.964	0.985	0.888	2.51E-10	19:49870643__d1:d1__rs8107548	T	C	0.922	1.17E-06	rs8107548	T	C	0.923	1.07E-04	0.911	3.02E-18	intergenic	"SLC6A16(dist=8772),CD37(dist=1431)"
Region131:chr6:14691215	0	chr6:14691215	6	14691215	C	T	1.3265	2.97E-06	1.3265	2.97E-06	rs17119	A	G	0.204	0.869	1.102	1.23E-05	6:14719496__d1:d1__rs17119	A	G	1.131	7.70E-11	rs17119	A	G	1.09	2.89E-04	1.111	1.38E-17	intergenic	"LINC01108(dist=405530),JARID2(dist=554991)"
Region52:rs483180	0	rs483180	1	120267505	G	C	0.8974	1.77E-09	0.8974	1.77E-09	rs541503	C	T	0.536	0.918	0.925	3.25E-06	1:120208297:rs541503	C	T	0.921	6.22E-08	rs541503	C	T	0.915	2.68E-06	0.921	1.45E-17	intronic	PHGDH
Region42:rs1112718	0	rs1112718	10	94479107	A	G	1.1114	2.46E-10	1.1114	2.46E-10	rs7923837	G	A	0.931	1	1.106	2.02E-09	10:94481917__d1:d1__rs7923837	G	A	1.06	1.33E-04	rs7923837	G	A	1.103	3.35E-07	1.086	2.08E-17	intergenic	"HHEX(dist=23699),EXOC6(dist=115363)"
Region54:rs35703946	0	rs35703946	16	86021505	G	A	1.1883	1.94E-09	1.1883	1.94E-09	rs35703946	G	A	1	1	1.188	1.94E-09	16:86021505__d1:d1__rs35703946	G	A	1.113	8.20E-07	imm_16_84579006	G	A	1.112	1.06E-04	1.132	2.83E-17	intergenic	"IRF8(dist=65294),LINC01082(dist=208282)"
Region41:rs12434551	0	rs12434551	14	69253364	A	T	1.1095	1.83E-10	1.1095	1.83E-10	rs8022092	C	A	0.786	0.969	1.096	1.96E-08	14:69265564:imm_14_68335317	C	A	1.084	4.05E-08	imm_14_68335317	C	A	1.062	1.10E-03	1.082	4.14E-17	intergenic	"RAD51B(dist=190626),ZFP36L1(dist=1008)"
Region44:rs12365699	1	rs34026809	11	118480695	C	G	0.8322	1.45E-07	0.8643	2.39E-05	rs585039	A	C	0.143	1	0.93	5.54E-05	11:118563381:imm_11_118068591	A	C	0.901	1.90E-10	imm_11_118068591	A	C	0.925	1.32E-04	0.917	7.68E-17	intronic	PHLDB1
Region123:rs62013236	0	rs62013236	15	79247482	C	T	1.1334	2.07E-06	1.1334	2.07E-06	rs10152892	A	C	0.491	0.848	1.096	2.11E-05	15:79231203:imm_15_77018258	A	C	1.127	1.40E-10	imm_15_77018258	A	C	1.085	5.54E-04	1.106	8.53E-17	intergenic	"CTSH(dist=10062),RASGRF1(dist=4807)"
Region185:rs9909593	0	rs9909593	17	37970149	A	G	0.9311	1.16E-05	0.9311	1.16E-05	rs9909593	A	G	1	1	0.931	1.16E-05	17:37970149__d1:d1__rs9909593	A	G	0.911	1.62E-10	imm_17_35223675	A	G	0.94	8.26E-04	0.925	8.57E-17	intronic	IKZF3
Region259:rs2986736	0	rs2986736	1	6512547	T	C	0.8994	3.41E-05	0.8994	3.41E-05	rs3007421	G	A	0.41	0.916	0.912	8.77E-05	1:6530189:rs3007421	G	A	0.884	8.71E-09	rs3007421	G	A	0.882	2.83E-06	0.893	8.91E-17	intronic	ESPN
Region91:chr13:100026952	0	chr13:100026952	13	100026952	A	C	1.7768	4.07E-07	1.7768	4.07E-07	rs4772201	A	G	0.152	1	1.088	1.08E-04	13:100086259:1kg_13_98884260	A	G	1.126	1.49E-09	1kg_13_98884260	A	G	1.114	1.25E-05	1.11	8.98E-17	ncRNA_intronic	MIR548AN
Region9:rs438613	1	rs13327021	3	27783015	C	T	0.8931	4.50E-11	0.8912	1.73E-11	rs12330493	T	G	0.919	0.983	0.899	2.93E-10	3:27791614:rs12330493	T	G	0.94	4.32E-05	1kg_3_27766618	T	G	0.928	7.69E-05	0.923	1.55E-16	intergenic	"EOMES(dist=18809),CMC1(dist=500109)"
Region13:rs11809700	1	rs12133753	1	92222089	C	T	1.1367	8.53E-09	1.1329	1.92E-08	rs9887787	C	T	1	1	1.137	8.58E-09	1:92222143:rs9887787	C	T	1.126	3.46E-09	NA	NA	NA	NA	NA	1.131	1.67E-16	intronic	TGFBR3
Region75:chr7:50328339	0	chr7:50328339	7	50328339	A	G	1.5893	4.17E-08	1.5893	4.17E-08	rs28625973	A	G	0.1	1	1.072	3.23E-04	7:50334208:imm_7_50304754	A	G	1.101	3.16E-09	imm_7_50304754	A	G	1.097	6.82E-06	1.091	2.58E-16	intergenic	"C7orf72(dist=129487),IKZF1(dist=15340)"
Region128:rs34299154	1	rs61863928	10	64449549	G	T	1.1152	5.45E-08	1.0734	0.0002044	rs224032	G	A	0.479	0.963	1.082	4.77E-06	10:64521829__d1:d1__imm_10_64191835	G	A	1.09	2.84E-07	imm_10_64191835	G	A	1.098	8.48E-06	1.089	3.01E-16	intergenic	"ZNF365(dist=17778),ADO(dist=114967)"
Region53:rs2317231	0	rs2317231	1	157686337	G	T	1.1058	1.90E-09	1.1058	1.90E-09	rs3761959	C	T	0.84	0.929	1.099	1.03E-08	1:157669278:rs3761959	C	T	1.078	3.99E-07	rs3761959	C	T	1.061	1.44E-03	1.08	3.25E-16	intergenic	"FCRL3(dist=15690),FCRL2(dist=29186)"
Region6:chr16:11213951	1	chr16:11353879	16	11353879	C	T	0.4845	6.00E-09	0.469	1.12E-09	rs36090551	G	T	0.108	1	0.913	2.03E-06	16:11443873:imm_16_11351374	G	T	0.911	1.37E-08	imm_16_11351374	G	T	0.931	5.97E-04	0.917	5.01E-16	intergenic	"SOCS1(dist=3840),TNP2(dist=7835)"
Region38:rs12622670	0	rs12622670	2	68646536	T	C	1.1127	1.04E-10	1.1127	1.04E-10	rs3816281	T	G	0.308	0.985	1.115	2.27E-09	exm198604	T	G	1.071	4.32E-05	imm_2_68461451	T	G	1.088	6.19E-05	1.09	5.08E-16	intergenic	"PLEK(dist=21951),FBXO48(dist=42969)"
Region82:rs3737798	1	rs983494	1	160703965	G	A	1.1067	3.40E-07	1.1061	3.88E-07	rs3766374	G	A	0.63	0.981	1.088	3.25E-06	1:160720554:imm_1_158987178	G	A	1.095	2.17E-08	imm_1_158987178	G	A	1.076	3.35E-04	1.088	6.10E-16	intergenic	"CD48(dist=22324),SLAMF7(dist=4882)"
Region301:chr4:103128873	1	rs6533052	4	103911781	A	G	1.0666	8.01E-05	1.0668	7.70E-05	chr4:103551603	G	A	0.294	0.555	1.128	9.13E-04	4:103551603:rs7665090	G	A	1.095	6.62E-10	rs7665090	G	A	1.08	3.37E-05	1.093	7.03E-16	intronic	SLC9B1
Region83:rs4796224	0	rs4796224	17	34842521	A	G	0.9181	1.62E-07	0.9181	1.62E-07	rs2306593	T	C	0.876	0.994	0.919	2.58E-07	17:34866546:rs2306593	T	C	0.914	8.23E-10	NA	NA	NA	NA	NA	0.916	1.13E-15	UTR5	"ZNHIT3(NM_001281433:c.-23A>G,NM_001281432:c.-23A>G,NM_004773:c.-23A>G,NM_001281434:c.-23A>G)"
Region161:rs72922276	0	rs72922276	1	65429319	G	A	1.1413	6.88E-06	1.1413	6.88E-06	rs72922276	G	A	1	1	1.141	6.88E-06	1:65429319__d2:d2__rs72922276	G	A	1.181	2.79E-11	NA	NA	NA	NA	NA	1.164	1.41E-15	intronic	JAK1
Region99:chr1:32738415	0	chr1:32738415	1	32738415	G	A	0.8736	5.04E-07	0.8736	5.04E-07	rs10914539	G	T	0.879	0.97	0.875	5.35E-07	1:32715641__d1:d1__rs10914539	G	T	0.888	4.76E-10	NA	NA	NA	NA	NA	0.884	1.44E-15	intronic	LCK
Region5:rs11256593	1	rs12722559	10	6070273	C	A	1.1454	2.78E-07	1.2494	2.53E-21	rs62626325	G	A	0.794	0.976	1.121	2.20E-05	10:6121285:imm_10_6161291	G	A	1.157	1.36E-08	imm_10_6161291	G	A	1.129	1.97E-04	1.137	1.76E-15	intronic	IL2RA
Region59:rs12147246	0	rs12147246	14	103265844	G	A	0.9054	4.29E-09	0.9054	4.29E-09	rs8006649	G	A	1	1	0.908	1.30E-08	14:103276855:rs8006649	G	A	0.918	2.59E-08	NA	NA	NA	NA	NA	0.914	1.98E-15	intronic	TRAF3
Region78:rs405343	0	rs405343	16	1067832	G	T	0.8884	4.72E-08	0.8884	4.72E-08	rs108990	T	C	0.964	0.991	0.89	6.16E-08	16:1065433:rs108990	T	C	0.905	1.79E-07	rs108990	T	C	0.935	4.40E-03	0.908	3.05E-15	intergenic	"SOX8(dist=30853),SSTR5-AS1(dist=46250)"
Region130:rs7731626	0	rs7731626	5	55444683	G	A	1.0974	2.85E-06	1.0974	2.85E-06	rs71624119	G	A	0.542	0.981	1.094	1.91E-05	5:55440730__d1:d1__imm_5_55476487	G	A	1.082	6.41E-06	imm_5_55476487	G	A	1.114	8.74E-07	1.094	3.89E-15	intronic	ANKRD55
Region13:rs11809700	3	rs58394161	1	92939959	T	C	0.9057	0.0008627	0.8425	1.25E-13	rs58394161	T	C	1	1	0.906	8.63E-04	1:92939959__d1:d1__rs58394161	T	C	0.875	6.03E-08	1kg_1_92712547	T	C	0.872	8.27E-06	0.883	1.37E-14	downstream	GFI1
Region594:rs9863496	0	rs9863496	3	18798848	T	C	0.9359	0.0003101	0.9359	0.0003101	rs12106877	T	C	0.533	0.971	0.943	3.84E-04	3:18709522:1kg_3_18684526	T	C	0.924	1.14E-07	1kg_3_18684526	T	C	0.922	1.86E-05	0.93	2.75E-14	intergenic	"SATB1-AS1(dist=227242),KCNH8(dist=391169)"
Region111:rs2084007	1	rs244656	5	133449827	A	T	1.1077	2.57E-05	1.1168	5.07E-06	rs756699	T	C	0.969	1	1.105	3.57E-05	5:133446575:rs756699	T	C	1.114	5.95E-07	rs756699	T	C	1.116	6.87E-05	1.112	2.96E-14	upstream	TCF7
Region71:rs12925972	2	rs6564681	16	79652720	T	C	0.9104	2.23E-07	0.9099	1.80E-07	rs7196953	G	A	0.969	0.994	0.915	8.38E-07	16:79649394__d1:d1__rs7196953	G	A	0.93	5.23E-06	rs7196953	G	A	0.931	3.32E-04	0.925	3.70E-14	intergenic	"MAF(dist=18098),LOC102467146(dist=102489)"
Region81:rs6742	0	rs6742	20	62374441	C	T	1.1727	1.30E-07	1.1727	1.30E-07	rs1151625	C	T	0.271	0.951	1.169	1.58E-06	exm1560630	C	T	1.147	1.12E-06	imm_20_61840441	C	T	1.129	9.77E-04	1.149	4.11E-14	UTR3	SLC2A4RG(NM_020062:c.*98C>T)
Region82:rs3737798	0	rs3737798	1	160389984	A	G	1.0911	1.40E-07	1.0911	1.40E-07	rs12086448	A	G	0.895	0.994	1.085	6.17E-07	1:160393905__d1:d1__rs12086448	A	G	1.068	9.47E-06	rs12086448	A	G	1.07	2.72E-04	1.074	4.12E-14	intronic	VANGL2
Region71:rs12925972	1	rs17724508	16	79350204	T	C	1.2375	2.59E-08	1.2313	5.30E-08	rs17797448	C	T	0.618	1	1.191	3.11E-08	16:79348278__d1:d1__rs17797448	C	T	1.121	2.75E-05	rs17797448	C	T	1.121	1.11E-03	1.143	6.07E-14	intergenic	"WWOX(dist=103640),MAF(dist=277541)"
Region185:rs9909593	1	rs883871	17	38252660	G	A	0.8967	7.08E-06	0.9009	1.65E-05	rs883871	G	A	1	1	0.897	7.08E-06	17:38252660__d1:d1__rs883871	G	A	0.879	2.08E-09	NA	NA	NA	NA	NA	0.887	8.56E-14	intronic	NR1D1
Region116:rs9308424	0	rs9308424	1	212877776	A	G	0.9128	1.34E-06	0.9128	1.34E-06	rs9308424	A	G	1	1	0.913	1.34E-06	1:212877776__d1:d1__rs9308424	A	G	0.914	1.42E-08	NA	NA	NA	NA	NA	0.914	9.25E-14	intergenic	"BATF3(dist=4449),NSL1(dist=21719)"
Region101:rs2269434	0	rs2269434	11	47360412	T	C	0.9175	5.24E-07	0.9175	5.24E-07	rs2957873	A	G	0.441	0.977	0.916	1.53E-05	11:47249294:rs2957873	A	G	0.917	2.52E-06	rs2957873	A	G	0.918	2.06E-04	0.917	1.47E-13	intronic	MYBPC3
Region342:rs719316	0	rs719316	6	16672760	T	C	1.0674	7.05E-05	1.0674	7.05E-05	rs719316	T	C	1	1	1.067	7.05E-05	6:16672760__d2:d2__rs719316	T	C	1.087	1.67E-08	rs719316	T	C	1.056	3.73E-03	1.072	1.62E-13	intronic	ATXN1
Region111:rs2084007	0	rs2084007	5	133891282	C	T	1.0826	1.15E-06	1.0826	1.15E-06	rs2084007	C	T	1	1	1.083	1.15E-06	5:133891282__d1:d1__rs2084007	C	T	1.084	3.44E-08	NA	NA	NA	NA	NA	1.084	1.91E-13	intronic	JADE2
Region373:rs6738544	0	rs6738544	2	191989356	C	A	1.0684	9.49E-05	1.0684	9.49E-05	rs6738544	C	A	1	1	1.068	9.49E-05	2:191989356:rs6738544	C	A	1.061	1.12E-04	imm_2_191697601	C	A	1.104	2.98E-07	1.074	2.40E-13	intronic	STAT4
Region60:rs7975763	0	rs7975763	12	123604053	C	T	0.886	7.80E-09	0.886	7.80E-09	rs883263	G	A	0.83	0.943	0.899	3.24E-08	12:123485188:imm_12_122051141	G	A	0.938	2.91E-04	imm_12_122051141	G	A	0.925	4.73E-04	0.921	2.99E-13	intergenic	"PITPNM2(dist=9017),MPHOSPH9(dist=36890)"
Region72:rs34695601	0	rs34695601	14	76014298	T	C	1.1157	3.17E-08	1.1157	3.17E-08	rs175706	G	A	0.169	0.794	1.088	5.41E-07	14:75976200:rs175706	G	A	1.08	2.04E-07	NA	NA	NA	NA	NA	1.083	5.56E-13	downstream	BATF
Region56:rs6990534	2	rs735542	8	128175696	A	G	1.0887	2.38E-06	1.0881	2.66E-06	rs2445610	G	A	0.226	0.98	1.055	1.76E-03	8:128197088:rs2445610	G	A	1.07	9.59E-06	rs2445610	G	A	1.101	4.40E-07	1.073	5.66E-13	intergenic	"PRNCR1(dist=70856),CASC19(dist=24335)"
Region172:rs249677	0	rs249677	5	141539339	C	A	0.9256	8.99E-06	0.9256	8.99E-06	rs249677	C	A	1	1	0.926	8.99E-06	5:141539339__d1:d1__rs249677	C	A	0.927	6.46E-07	imm_5_141519523	C	A	0.946	3.92E-03	0.931	5.73E-13	intergenic	"NDFIP1(dist=5331),SPRY4(dist=150653)"
Region70:rs6496663	0	rs6496663	15	90887584	A	C	0.9043	2.78E-08	0.9043	2.78E-08	rs7183707	G	T	0.928	0.981	0.903	3.03E-08	15:90883733:rs7183707	G	T	0.929	4.04E-06	NA	NA	NA	NA	NA	0.918	1.13E-12	intergenic	"NGRN(dist=72141),GABARAPL3(dist=2179)"
Region169:rs6589939	0	rs6589939	11	122518525	A	G	0.9275	8.67E-06	0.9275	8.67E-06	rs11605422	C	T	0.923	0.961	0.93	2.00E-05	11:122534190:rs11605422	C	T	0.918	1.62E-08	NA	NA	NA	NA	NA	0.924	1.75E-12	intergenic	"MIR100HG(dist=444755),UBASH3B(dist=7873)"
Region55:rs57116599	1	chr2:112492986	2	112492986	T	C	0.8343	2.01E-06	0.8024	3.50E-09	rs12373588	T	G	0.299	0.931	0.926	3.93E-06	2:112466265:rs12373588	T	G	0.93	1.54E-06	rs12373588	T	G	0.953	9.33E-03	0.935	1.78E-12	intergenic	"MIR4435-1HG(dist=240294),ANAPC1(dist=32228)"
Region303:rs4262739	0	rs4262739	11	128421175	A	G	0.9351	5.37E-05	0.9351	5.37E-05	rs3809006	T	C	0.562	0.906	0.951	2.47E-03	11:128410836:imm_11_127916046	T	C	0.925	1.38E-07	imm_11_127916046	T	C	0.937	4.00E-04	0.937	4.41E-12	intronic	ETS1
Region118:rs2289746	0	rs2289746	3	105455955	C	T	1.0889	1.48E-06	1.0889	1.48E-06	rs2289746	C	T	1	1	1.089	1.48E-06	3:105455955__d1:d1__rs2289746	C	T	1.081	6.46E-07	NA	NA	NA	NA	NA	1.085	4.59E-12	intronic	CBLB
Region20:rs62420820	4	rs17780048	6	138179146	C	T	1.1759	0.0002208	1.254	1.07E-07	rs17780429	G	A	0.425	1	1.075	3.76E-03	6:138222588:imm_6_138264281	G	A	1.128	1.57E-08	imm_6_138264281	G	A	1.088	1.89E-03	1.101	5.15E-12	ncRNA_intronic	LOC100130476
Region193:chr2:203693277	1	rs12614091	2	204632861	A	T	1.0741	0.0003583	1.0698	0.0007448	rs6435203	A	G	0.706	0.983	1.051	7.12E-03	2:204611195:imm_2_204319440	A	G	1.091	2.01E-07	imm_2_204319440	A	G	1.085	8.58E-05	1.076	6.18E-12	intergenic	"CD28(dist=29225),CTLA4(dist=99650)"
Region218:rs4409785	0	rs4409785	11	95311422	T	C	0.9137	2.09E-05	0.9137	2.09E-05	rs4409785	T	C	1	1	0.914	2.09E-05	11:95311422__d1:d1__rs4409785	T	C	0.918	8.00E-06	rs4409785	T	C	0.93	2.25E-03	0.92	6.87E-12	intergenic	"LOC100129203(dist=343854),FAM76B(dist=190684)"
Region79:rs61884005	1	chr11:14868316	11	14868316	A	G	0.721	1.13E-06	0.7068	2.26E-07	chr11:14876718	G	A	0.785	1	0.729	1.68E-06	11:14876718:chr11:14876718	G	A	0.8	5.68E-07	NA	NA	NA	NA	NA	0.777	8.76E-12	intronic	PDE3B
Region7:rs11749040	1	chr5:40429250	5	40429250	A	T	0.9131	2.32E-07	0.973	0.09169	rs9292776	G	A	1	1	0.914	2.81E-07	5:40437845__d1:d1__rs9292776	G	A	0.955	3.73E-03	imm_5_40473602	G	A	0.924	9.47E-05	0.933	1.02E-11	intergenic	"LINC00603(dist=375824),PTGER4(dist=250782)"
Region55:rs57116599	0	rs57116599	2	112770799	A	G	0.8869	2.59E-09	0.8869	2.59E-09	rs57116599	A	G	1	1	0.887	2.59E-09	2:112770799__d1:d1__rs57116599	A	G	0.935	1.38E-04	NA	NA	NA	NA	NA	0.914	1.11E-11	intronic	MERTK
Region225:rs11231749	0	rs11231749	11	64095178	C	T	1.0758	2.34E-05	1.0758	2.34E-05	rs694739	A	G	0.274	1	1.072	3.79E-05	11:64097233:rs694739	A	G	1.057	2.26E-04	rs694739	A	G	1.08	5.24E-05	1.068	1.12E-11	intergenic	"PRDX5(dist=5883),CCDC88B(dist=12512)"
Region96:rs2705616	0	rs2705616	4	87862396	G	C	0.9207	4.35E-07	0.9207	4.35E-07	rs2705618	T	C	0.969	0.995	0.925	1.74E-06	4:87837546:rs2705618	T	C	0.931	1.39E-06	NA	NA	NA	NA	NA	0.928	1.15E-11	intronic	AFF1
Region617:rs10245867	0	rs10245867	7	28142186	G	T	0.9393	0.00033	0.9393	0.00033	rs10245867	G	T	1	1	0.939	3.30E-04	7:28142186:rs10245867	G	T	0.944	1.73E-04	imm_7_28108711	G	T	0.914	5.36E-06	0.935	1.22E-11	intronic	JAZF1
Region90:rs6837324	0	rs6837324	4	48127262	A	G	0.9173	3.16E-07	0.9173	3.16E-07	rs17470892	T	C	0.864	0.932	0.922	9.43E-07	4:48143201:rs17470892	T	C	0.934	3.48E-06	rs17470892	T	C	0.965	5.62E-02	0.938	1.34E-11	intronic	TXK
Region68:rs10936602	0	rs10936602	3	169536637	T	C	1.1145	1.68E-08	1.1145	1.68E-08	rs10936599	C	T	0.652	0.813	1.106	1.24E-07	3:169492101__d1:d1__rs10936599	C	T	1.063	3.52E-04	rs10936599	C	T	1.061	6.60E-03	1.077	1.90E-11	intergenic	"LRRC34(dist=6063),LRRIQ4(dist=3073)"
Region147:rs34681760	0	rs34681760	5	6712834	C	T	1.0835	5.28E-06	1.0835	5.28E-06	rs34681760	C	T	1	1	1.084	5.28E-06	5:6712834:rs34681760	C	T	1.081	8.50E-07	NA	NA	NA	NA	NA	1.082	2.01E-11	intergenic	"LOC100505625(dist=5010),PAPD7(dist=1884)"
Region77:rs9992763	0	rs9992763	4	109058718	T	G	0.9139	4.51E-08	0.9139	4.51E-08	rs7690934	C	T	0.829	0.976	0.92	3.35E-07	4:109025865:rs7690934	C	T	0.944	9.48E-05	rs7690934	C	T	0.955	1.52E-02	0.938	2.36E-11	intronic	LEF1
Region33:rs28834106	2	rs34536443	19	10463118	G	C	1.1871	0.001633	1.3037	2.87E-07	rs34536443	G	C	1	1	1.187	1.63E-03	exm1425579	G	C	1.192	2.81E-05	imm_19_10324118	G	C	1.24	3.91E-05	1.204	3.39E-11	exonic	TYK2
Region228:rs13385171	0	rs13385171	2	65661843	C	T	1.0724	2.42E-05	1.0724	2.42E-05	rs11673987	A	G	0.507	0.853	1.061	5.50E-04	2:65597671:imm_2_65451175	A	G	1.072	6.12E-06	imm_2_65451175	A	G	1.069	6.20E-04	1.068	3.47E-11	intergenic	"SPRED2(dist=2187),MIR4778(dist=923538)"
Region112:rs2726479	0	rs2726479	4	106255589	T	C	0.9238	1.18E-06	0.9238	1.18E-06	rs2726518	A	C	0.694	0.884	0.944	4.72E-04	4:106173199:rs2726518	A	C	0.938	1.93E-05	rs2726518	A	C	0.921	1.78E-04	0.937	3.84E-11	intergenic	"TET2(dist=54629),PPA2(dist=34645)"
Region261:rs3184504	0	rs3184504	12	111884608	T	C	1.0709	3.45E-05	1.0709	3.45E-05	rs3184504	T	C	1	1	1.071	3.45E-05	12:111884608__d2:d2__rs3184504	T	C	1.07	3.76E-06	imm_12_110368991	T	C	1.047	1.38E-02	1.064	4.24E-11	exonic	SH2B3
Region66:rs9955954	0	rs9955954	18	56348044	G	A	0.8958	1.54E-08	0.8958	1.54E-08	rs4545915	A	G	0.977	0.992	0.898	3.49E-08	18:56422868:rs4545915	A	G	0.934	1.00E-04	NA	NA	NA	NA	NA	0.918	4.85E-11	intronic	MALT1
Region159:rs760517	0	rs760517	22	37258986	C	T	1.0877	6.62E-06	1.0877	6.62E-06	rs4821544	T	C	0.622	0.941	1.082	1.31E-05	22:37258503__d1:d1__rs4821544	T	C	1.064	1.05E-04	rs4821544	T	C	1.064	1.92E-03	1.07	5.22E-11	intronic	NCF4
Region159:rs760517	3	rs5756405	22	37310954	A	G	1.0599	0.0003876	1.0706	2.44E-05	rs2413436	A	G	1	1	1.057	6.87E-04	22:37312561:rs2413436	A	G	1.068	9.34E-06	rs2413436	A	G	1.069	4.92E-04	1.065	5.35E-11	intronic	CSF2RB
Region57:rs4325907	1	chr3:100848597	3	100848597	C	T	1.1618	2.05E-05	1.1813	2.03E-06	chr3:100902575	T	C	0.832	0.945	1.143	1.19E-04	3:100902575:chr3:100902575	T	C	1.165	1.18E-07	NA	NA	NA	NA	NA	1.156	6.42E-11	intergenic	"ABI3BP(dist=136263),IMPG2(dist=92793)"
Region187:rs10905353	1	rs1399180	10	8098719	T	C	0.9235	0.0003753	0.9245	0.0004495	rs1399180	T	C	1	1	0.924	3.75E-04	10:8098719__d1:d1__rs1399180	T	C	0.896	2.76E-08	NA	NA	NA	NA	NA	0.908	7.16E-11	intronic	GATA3
Region75:chr7:50328339	1	rs10230723	7	50239880	A	T	1.1125	2.29E-06	1.1073	5.84E-06	rs921911	A	G	0.99	1	1.111	2.92E-06	7:50241812:rs921911	A	G	1.089	2.14E-05	rs921911	A	G	1.056	3.12E-02	1.088	7.69E-11	intergenic	"C7orf72(dist=41028),IKZF1(dist=103799)"
Region44:rs12365699	3	chr11:118783424	11	118783424	G	A	1.2496	3.07E-05	1.3559	6.50E-09	chr11:118762073	G	A	0.946	1	1.246	3.46E-05	11:118762073:chr11:118762073	G	A	1.284	5.41E-07	NA	NA	NA	NA	NA	1.266	8.76E-11	intergenic	"BCL9L(dist=1811),UPK2(dist=43584)"
Region76:rs7855251	0	rs7855251	9	100868189	T	C	1.1164	4.23E-08	1.1164	4.23E-08	rs4743150	C	T	0.454	0.775	1.075	2.73E-04	exm-rs4743150	C	T	1.073	8.09E-05	rs4743150	C	T	1.087	3.43E-04	1.077	1.23E-10	intronic	TRIM14
Region248:rs6911131	0	rs6911131	6	143865221	A	G	0.864	3.09E-05	0.864	3.09E-05	rs12206238	C	T	0.659	0.928	0.887	8.99E-05	6:143867406:rs12206238	C	T	0.888	2.70E-05	rs12206238	C	T	0.904	3.44E-03	0.892	1.31E-10	intergenic	"FUCA2(dist=32201),LOC285740(dist=10031)"
Region97:rs17051321	0	rs17051321	4	122119449	C	T	0.9097	4.95E-07	0.9097	4.95E-07	rs17051321	C	T	1	1	0.91	4.95E-07	4:122119449__d2:d2__rs17051321	C	T	0.932	4.10E-05	NA	NA	NA	NA	NA	0.922	1.41E-10	intronic	TNIP3
Region69:rs7222450	0	rs7222450	17	43407670	A	G	1.1034	1.78E-08	1.1034	1.78E-08	rs7216796	A	G	0.674	0.912	1.092	7.61E-08	17:43392208:rs7216796	A	G	1.042	5.45E-03	rs7216796	A	G	1.055	3.74E-03	1.062	2.09E-10	intergenic	"MAP3K14(dist=13240),ARHGAP27(dist=63598)"
Region117:rs9977672	1	rs2836438	21	39864727	G	A	0.9057	2.98E-05	0.9053	2.71E-05	rs1041796	T	C	1	1	0.908	4.38E-05	21:39852472:rs1041796	T	C	0.901	1.39E-06	NA	NA	NA	NA	NA	0.904	2.62E-10	intronic	ERG
Region240:rs73075598	1	rs10951154	7	27135314	T	C	0.9044	6.73E-05	0.9187	0.0006862	rs706015	T	G	0.302	0.627	0.937	2.11E-03	7:27014988:imm_7_26981513	T	G	0.948	4.84E-03	imm_7_26981513	T	G	0.879	8.61E-08	0.926	3.05E-10	exonic	HOXA1
Region36:rs2248137	1	rs2585447	20	52744437	T	C	0.8792	7.89E-08	0.9327	0.002164	rs2616277	C	T	0.969	1	0.883	1.49E-07	20:52745040:rs2616277	C	T	0.928	3.04E-04	rs2616277	C	T	0.951	5.45E-02	0.919	3.13E-10	intergenic	"BCAS1(dist=57133),CYP24A1(dist=25551)"
Region751:chr8:95125803	1	chr8:95851818	8	95851818	T	G	0.8932	0.0009061	0.893	0.0008757	chr8:95826590	T	C	1	1	0.894	1.02E-03	8:95826590:chr8:95826590	T	C	0.847	3.98E-08	NA	NA	NA	NA	NA	0.867	3.23E-10	intronic	INTS8
Region164:chr6:119215402	0	chr6:119215402	6	119215402	A	C	1.0833	8.15E-06	1.0833	8.15E-06	chr6:119215402	A	C	1	1	1.083	8.15E-06	6:119215402__d1:d1__kgp11149079	A	C	1.073	8.70E-06	NA	NA	NA	NA	NA	1.078	3.24E-10	UTR5	ASF1A(NM_014034:c.-176A>C)
Region252:rs10191360	0	rs10191360	2	136884679	T	C	1.1016	3.19E-05	1.1016	3.19E-05	rs11897084	A	G	0.851	0.935	1.105	5.02E-05	2:136861225:rs11897084	A	G	1.076	1.19E-06	NA	NA	NA	NA	NA	1.084	3.85E-10	intergenic	"CXCR4(dist=8954),THSD7B(dist=863783)"
Region66:rs9955954	3	rs4940730	18	56269737	A	G	1.0599	0.0007057	1.0254	0.1291	rs9947399	G	A	0.679	1	1.057	1.32E-03	18:56271544:rs9947399	G	A	1.074	2.09E-06	rs9947399	G	A	1.052	6.99E-03	1.063	3.90E-10	intronic	ALPK2
Region17:rs1800693	3	rs12832171	12	6441622	C	G	1.3813	0.0009452	0.8861	1.91E-11	rs767455	T	C	0.814	0.953	1.127	6.97E-03	12:6450945:chr12:6450945	T	C	1.229	4.39E-08	imm_12_6321206	T	C	1.115	2.23E-02	1.166	4.13E-10	intronic	TNFRSF1A
Region136:rs13428812	2	rs11125803	2	25052177	T	C	0.9416	0.001722	0.9271	5.98E-05	rs2082881	A	G	0.972	1	0.945	2.90E-03	2:25038268:rs2082881	A	G	0.942	6.83E-04	rs2082881	A	G	0.908	6.10E-06	0.934	5.45E-10	intronic	ADCY3
Region654:rs73414214	0	rs73414214	7	105706462	C	A	1.1086	0.0003744	1.1086	0.0003744	rs3801275	T	C	0.894	0.968	1.105	7.19E-04	7:105751772:rs3801275	T	C	1.147	1.45E-07	NA	NA	NA	NA	NA	1.128	6.34E-10	intergenic	"CDHR3(dist=29585),SYPL1(dist=24352)"
Region173:rs13414105	0	rs13414105	2	30472442	C	A	1.105	9.40E-06	1.105	9.40E-06	rs10171296	A	G	0.704	0.96	1.097	1.55E-05	2:30481309:rs10171296	A	G	1.087	1.01E-05	NA	NA	NA	NA	NA	1.091	6.90E-10	intronic	LBH
Region212:rs11919880	0	rs11919880	3	32962051	A	G	1.0732	1.97E-05	1.0732	1.97E-05	rs6550177	T	C	0.832	0.932	1.071	3.52E-05	3:32979088:imm_3_32954092	T	C	1.05	9.99E-04	imm_3_32954092	T	C	1.063	1.07E-03	1.06	7.63E-10	intergenic	"TRIM71(dist=28280),CCR4(dist=31015)"
Region126:rs7698247	2	rs13136820	4	40307564	C	T	1.073	0.0001235	1.0886	3.03E-06	rs6832151	G	T	0.722	0.969	1.067	3.76E-04	4:40303633:rs6832151	G	T	1.086	4.02E-07	NA	NA	NA	NA	NA	1.078	7.79E-10	intergenic	"RHOH(dist=61180),LOC101060498(dist=1638)"
Region63:rs354033	0	rs354033	7	149289464	G	A	1.114	1.21E-08	1.114	1.21E-08	rs735120	C	T	1	1	1.115	1.27E-08	7:149313811:rs735120	C	T	1.055	1.62E-03	NA	NA	NA	NA	NA	1.081	7.99E-10	ncRNA_intronic	ZNF767P
Region15:chr3:121765368	2	chr3:121783015	3	121783015	T	G	1.1421	7.66E-05	1.2386	5.76E-12	rs9282641	G	A	0.954	1	1.138	9.82E-05	3:121796768__d1:d1__rs9282641	G	A	1.119	5.95E-05	rs9282641	G	A	1.1	8.86E-03	1.12	8.32E-10	intronic	CD86
Region45:rs802730	0	rs802730	6	128280104	T	C	1.1211	3.24E-10	1.1211	3.24E-10	rs802725	T	G	0.981	1	1.118	9.23E-10	6:128282029:rs802725	T	G	1.05	2.59E-03	imm_6_128323722	T	G	1.027	1.92E-01	1.065	1.08E-09	intergenic	"THEMIS(dist=40328),PTPRK(dist=9820)"
Region218:rs4409785	1	rs56095240	11	95421830	T	A	0.8872	1.97E-05	0.8885	2.47E-05	rs72981578	C	T	0.958	1	0.89	2.72E-05	11:95420123:rs72981578	C	T	0.91	8.31E-06	NA	NA	NA	NA	NA	0.902	1.13E-09	intergenic	"LOC100129203(dist=454262),FAM76B(dist=80276)"
Region133:rs11852059	0	rs11852059	14	52306091	A	C	0.908	3.02E-06	0.908	3.02E-06	rs4468527	G	A	0.303	0.81	0.889	5.07E-06	14:52325131:rs4468527	G	A	0.916	1.74E-04	rs4468527	G	A	0.941	4.03E-02	0.913	1.19E-09	intergenic	"FRMD6(dist=108647),GNG2(dist=20931)"
Region80:rs531612	0	rs531612	11	65705432	C	T	0.9155	9.41E-08	0.9155	9.41E-08	rs531612	C	T	1	1	0.916	9.41E-08	11:65705432__d1:d1__rs531612	C	T	0.952	6.90E-04	NA	NA	NA	NA	NA	0.936	1.21E-09	intergenic	"DRAP1(dist=16384),TSGA10IP(dist=7683)"
Region569:rs6789653	0	rs6789653	3	141150990	G	A	1.0667	0.0002778	1.0667	0.0002778	rs9846396	C	T	0.655	0.992	1.058	6.55E-04	3:141140968:rs9846396	C	T	1.053	5.44E-04	rs9846396	C	T	1.073	1.98E-04	1.06	1.30E-09	intronic	ZBTB38
Region120:rs7260482	0	rs7260482	19	45143942	A	C	0.9152	1.84E-06	0.9152	1.84E-06	rs7260482	A	C	1	1	0.915	1.84E-06	19:45143942__d2:d2__rs7260482	A	C	0.938	1.16E-04	NA	NA	NA	NA	NA	0.928	1.43E-09	intergenic	"IGSF23(dist=3861),PVR(dist=3156)"
Region82:rs3737798	4	rs6427540	1	160634588	C	T	1.1124	3.20E-05	1.1225	5.76E-06	rs6427540	C	T	1	1	1.112	3.20E-05	1:160634588__d1:d1__rs6427540	C	T	1.101	1.09E-05	NA	NA	NA	NA	NA	1.106	1.48E-09	intergenic	"SLAMF1(dist=17487),CD48(dist=13948)"
Region222:rs6672420	0	rs6672420	1	25291010	T	A	0.9316	2.23E-05	0.9316	2.23E-05	rs7550552	T	C	0.959	1	0.937	5.08E-05	1:25299602:imm_1_25172189	T	C	0.941	3.95E-05	imm_1_25172189	T	C	0.949	6.46E-02	0.94	1.48E-09	exonic	RUNX3
Region59:rs12147246	2	rs12588969	14	103230758	C	G	0.9313	0.0001897	0.9148	1.81E-06	rs10141746	G	A	0.885	0.961	0.939	1.13E-03	14:103237259:rs10141746	G	A	0.922	3.17E-07	NA	NA	NA	NA	NA	0.929	1.82E-09	intergenic	"RCOR1(dist=33845),TRAF3(dist=13058)"
Region57:rs4325907	0	rs4325907	3	101749022	T	C	0.9055	3.68E-09	0.9055	3.68E-09	rs771767	G	A	0.672	1	0.908	9.66E-08	3:101748638:rs771767	G	A	0.948	1.07E-03	NA	NA	NA	NA	NA	0.93	1.99E-09	intergenic	"LOC152225(dist=32252),ZPLD1(dist=404837)"
Region40:rs35486093	1	rs11161550	1	85682020	A	G	0.9166	6.27E-07	0.9597	0.01213	rs233100	A	G	0.244	0.528	0.934	8.03E-05	1:85772009:rs233100	A	G	0.948	5.12E-04	rs233100	A	G	0.945	3.18E-03	0.943	2.06E-09	intergenic	"SYDE2(dist=15292),C1orf52(dist=33617)"
Region58:rs11083862	0	rs11083862	19	47638539	A	T	1.106	4.07E-09	1.106	4.07E-09	rs307896	G	A	0.285	1	1.096	1.21E-06	19:47661493:rs307896	G	A	1.062	2.27E-04	NA	NA	NA	NA	NA	1.077	2.44E-09	intronic	SAE1
Region201:rs10271373	0	rs10271373	7	138729795	C	A	0.9316	1.65E-05	0.9316	1.65E-05	rs10271373	C	A	1	1	0.932	1.65E-05	7:138729795__d2:d2__rs10271373	C	A	0.961	5.66E-03	rs10271373	C	A	0.941	9.35E-04	0.946	3.11E-09	UTR3	ZC3HAV1(NM_020119:c.*2545G>T)
Region299:rs7620803	2	chr3:112693983	3	112693983	T	G	1.2892	0.001152	1.2904	0.001086	chr3:112693983	T	G	1	1	1.289	1.15E-03	3:112693983:chr3:112693983	T	G	1.421	4.83E-07	NA	NA	NA	NA	NA	1.361	3.24E-09	upstream	CD200R1
Region549:rs4728142	0	rs4728142	7	128573967	G	A	0.9406	0.0002585	0.9406	0.0002585	rs4728142	G	A	1	1	0.941	2.59E-04	exm-rs4728142	G	A	0.948	4.11E-04	rs4728142	G	A	0.945	2.35E-03	0.945	3.37E-09	intergenic	"KCP(dist=23194),IRF5(dist=4024)"
Region6:chr16:11213951	2	rs2286974	16	11114512	G	A	0.8965	1.51E-07	0.8477	2.61E-23	rs1985372	T	C	1	1	0.897	1.71E-07	16:11114839:rs1985372	T	C	0.927	4.15E-03	imm_16_11022340	T	C	NA	NA	0.908	4.09E-09	intronic	CLEC16A
Region107:rs8062446	0	rs8062446	16	57077094	T	C	1.0885	8.41E-07	1.0885	8.41E-07	rs9937051	T	C	0.13	0.59	1.105	6.41E-06	16:57106671:rs9937051	T	C	1.075	1.06E-04	NA	NA	NA	NA	NA	1.088	4.30E-09	intronic	NLRC5
Region251:rs13066789	1	rs2590438	3	187565968	T	G	0.9478	0.001561	0.946	0.001052	rs969625	G	A	1	1	0.948	1.79E-03	3:187567888:rs969625	G	A	0.926	3.96E-07	NA	NA	NA	NA	NA	0.936	4.65E-09	intergenic	"BCL6(dist=102455),LPP-AS2(dist=303026)"
Region48:rs9591325	1	rs9568402	13	50961957	A	T	0.9129	0.0003227	0.911	0.00023	rs9562970	G	A	0.988	1	0.917	6.11E-04	13:51002615__d1:d1__rs9562970	G	A	0.939	6.59E-03	rs9562970	G	A	0.886	2.75E-05	0.918	4.80E-09	ncRNA_intronic	DLEU1
Region33:rs28834106	1	rs12609500	19	11173928	C	T	1.0838	3.74E-05	1.0997	9.18E-07	rs12460421	A	G	0.132	0.573	1.04	1.89E-02	19:10981352:rs12460421	A	G	1.063	5.04E-05	rs12460421	A	G	1.074	1.96E-04	1.058	5.27E-09	downstream	SMARCA4
Region339:rs72989863	0	rs72989863	4	164493807	G	A	1.0699	7.01E-05	1.0699	7.01E-05	rs13150896	G	A	0.729	1	1.057	6.99E-04	4:164499489:rs13150896	G	A	1.073	1.64E-06	NA	NA	NA	NA	NA	1.066	5.55E-09	intronic	01-Mar
Region171:rs12971909	0	rs12971909	19	4466466	G	A	0.9175	8.98E-06	0.9175	8.98E-06	rs2992	T	C	0.196	0.534	0.942	8.52E-04	19:4443046:rs2992	T	C	0.925	1.30E-06	NA	NA	NA	NA	NA	0.932	5.56E-09	intergenic	"UBXN6(dist=8675),HDGFRP2(dist=5727)"
Region540:rs4812772	0	rs4812772	20	42579051	C	T	1.0702	0.0002541	1.0702	0.0002541	rs4812773	C	T	0.987	1	1.07	2.98E-04	20:42579148:rs4812773	C	T	1.078	5.14E-06	NA	NA	NA	NA	NA	1.074	6.17E-09	intronic	TOX2
Region79:rs61884005	0	rs61884005	11	14402930	C	G	1.1436	8.02E-08	1.1436	8.02E-08	rs11023242	C	T	0.708	0.868	1.101	4.82E-05	11:14529099:rs11023242	C	T	1.091	3.19E-05	NA	NA	NA	NA	NA	1.095	6.34E-09	intergenic	"RRAS2(dist=16878),COPB1(dist=76119)"
Region506:rs962052	0	rs962052	2	151644203	C	T	1.0701	0.0002103	1.0701	0.0002103	rs962052	C	T	1	1	1.07	2.10E-04	2:151644203__d1:d1__rs962052	C	T	1.063	2.34E-04	rs962052	C	T	1.053	1.22E-02	1.063	8.28E-09	intergenic	"LOC101929282(dist=152332),RBM43(dist=460525)"
Region253:rs3827380	2	rs137955	22	40291807	T	C	1.0647	0.0001947	1.064	0.0002206	rs137956	C	T	0.963	1	1.064	1.99E-04	22:40293463:rs137956	C	T	1.054	6.47E-04	rs137956	C	T	1.053	5.57E-03	1.057	9.63E-09	intergenic	"ENTHD1(dist=2013),GRAP2(dist=5279)"
Region205:rs4820955	0	rs4820955	22	31622539	A	T	1.1231	1.82E-05	1.1231	1.82E-05	rs2027982	C	T	0.223	0.617	1.065	1.34E-04	22:31593435:rs2027982	C	T	1.065	2.05E-05	NA	NA	NA	NA	NA	1.065	1.06E-08	intronic	LIMK2
Region67:rs35218683	0	rs35218683	11	321138	C	T	0.7646	1.56E-08	0.7646	1.56E-08	rs1059091	G	A	0.102	0.744	0.901	3.71E-05	11:309127:rs1059091	G	A	0.937	3.80E-05	NA	NA	NA	NA	NA	0.927	1.36E-08	upstream	IFITM3
Region251:rs13066789	0	rs13066789	3	187987624	C	T	1.0716	3.17E-05	1.0716	3.17E-05	rs9839229	T	C	0.71	0.993	1.064	3.20E-04	3:188000625:rs9839229	T	C	1.069	1.21E-05	NA	NA	NA	NA	NA	1.067	1.50E-08	intronic	LPP
Region857:rs11899404	0	rs11899404	2	12607893	T	C	0.9019	0.0007573	0.9019	0.0007573	rs1534422	A	G	0.103	0.414	0.955	4.88E-03	2:12640741:rs1534422	A	G	0.948	2.69E-04	rs1534422	A	G	0.941	9.08E-04	0.948	1.66E-08	ncRNA_intronic	LOC100506457
Region1736:chr1:154963701	1	chr1:154983036	1	154983036	T	G	0.8892	0.009398	0.9023	0.02	chr1:154977113	A	G	0.809	1	0.893	1.43E-02	1:154977113:kgp5869294	A	G	0.812	1.01E-07	NA	NA	NA	NA	NA	0.845	1.67E-08	intronic	ZBTB7B
Region226:rs3923387	0	rs3923387	8	144986793	T	C	1.0732	2.35E-05	1.0732	2.35E-05	rs7014582	G	A	0.957	0.978	1.07	4.01E-05	8:144990528:rs7014582	G	A	1.059	1.02E-04	NA	NA	NA	NA	NA	1.064	1.76E-08	intergenic	"EPPK1(dist=34161),PLEC(dist=2522)"
Region208:rs61708525	0	rs61708525	12	94661453	G	A	1.0832	1.91E-05	1.0832	1.91E-05	rs61708525	G	A	1	1	1.083	1.91E-05	12:94661453__d1:d1__rs61708525	G	A	1.061	1.70E-04	NA	NA	NA	NA	NA	1.07	1.80E-08	intronic	PLXNC1
Region84:rs12211604	0	rs12211604	6	7100029	A	G	0.9111	1.86E-07	0.9111	1.86E-07	rs13193887	T	G	0.746	0.891	0.922	1.38E-06	6:7128198:rs13193887	T	G	0.953	1.42E-03	NA	NA	NA	NA	NA	0.939	2.15E-08	intergenic	"LY86(dist=444813),RREB1(dist=7801)"
Region16:rs34723276	2	rs11578655	1	101412902	T	G	0.9141	0.0004817	0.8673	4.11E-09	rs11587215	G	A	0.936	0.989	0.918	8.10E-04	1:101311662:1kg_1_101084250	G	A	0.911	8.69E-05	1kg_1_101084250	G	A	0.938	2.90E-02	0.92	2.89E-08	intronic	SLC30A7
Region379:rs12605088	2	rs2469434	18	67544046	T	C	0.9409	0.0003094	0.9413	0.0003294	rs1610555	G	T	0.995	1	0.941	3.19E-04	18:67543147:rs1610555	G	T	0.951	8.15E-04	imm_18_65694127	G	T	0.952	8.67E-03	0.948	2.92E-08	intronic	CD226
Region62:rs55858457	0	rs55858457	7	2443302	G	T	0.8931	1.20E-08	0.8931	1.20E-08	rs6952809	C	T	0.774	0.895	0.908	4.03E-08	7:2448493:rs6952809	C	T	0.961	1.09E-02	NA	NA	NA	NA	NA	0.938	2.95E-08	UTR5	CHST12(NM_018641:c.-28973G>T)
Region65:rs28762138	1	rs32658	5	118703662	G	T	0.9336	2.95E-05	0.9376	8.53E-05	rs32658	G	T	1	1	0.934	2.95E-05	5:118703662__d1:d1__rs32658	G	T	0.947	2.40E-04	NA	NA	NA	NA	NA	0.941	3.24E-08	intronic	TNFAIP8
Region13:rs11809700	2	rs1415069	1	93426869	C	G	0.9111	4.01E-05	0.9313	0.001495	rs10747454	G	T	0.83	1	0.917	9.77E-05	1:93429247:rs10747454	G	T	0.947	7.49E-03	1kg_1_93201835	G	T	0.925	2.16E-03	0.931	3.32E-08	intronic	FAM69A
Region153:rs1365120	0	rs1365120	11	36438075	T	C	0.8873	5.76E-06	0.8873	5.76E-06	rs3931757	T	C	0.937	1	0.891	6.37E-06	11:36437982:rs3931757	T	C	0.929	7.94E-04	NA	NA	NA	NA	NA	0.913	4.06E-08	intronic	PRR5L
Region175:rs67934705	0	rs67934705	1	24207504	A	G	0.8105	1.01E-05	0.8105	1.01E-05	rs13551	T	C	0.159	0.667	0.93	2.48E-04	exm31570	T	C	0.939	4.37E-05	NA	NA	NA	NA	NA	0.936	4.36E-08	intronic	CNR2
Region220:rs17741873	0	rs17741873	10	75653800	G	T	1.0931	2.15E-05	1.0931	2.15E-05	rs17741873	G	T	1	1	1.093	2.15E-05	10:75653800:rs17741873	G	T	1.043	2.37E-02	rs17741873	G	T	1.076	1.90E-03	1.068	4.69E-08	intergenic	"CAMK2G(dist=19451),C10orf55(dist=15927)"
Region110:rs9900529	0	rs9900529	17	73335776	C	G	1.0994	1.11E-06	1.0994	1.11E-06	rs9913257	C	T	0.892	0.957	1.09	5.25E-06	17:73320893:rs9913257	C	T	1.06	3.10E-03	rs9913257	C	T	1.039	7.28E-02	1.065	4.76E-08	intronic	GRB2
Region39:rs1014486	1	rs10936182	3	159712373	T	G	1.1016	8.94E-06	1.1168	3.36E-07	chr3:159628081	A	G	0.321	0.859	1.106	7.22E-04	3:159628081:imm_3_161110775	A	G	1.107	1.12E-04	imm_3_161110775	A	G	1.07	4.24E-02	1.097	4.99E-08	ncRNA_intronic	IL12A-AS1
Region731:rs61109982	1	rs6020055	20	48422095	A	G	1.2944	0.001622	1.2876	0.001994	rs719219	A	G	0.0116989	0.721734	1.046	1.95E-02	20:48435408:imm_20_47868815	A	G	1.052	1.58E-03	imm_20_47868815	A	G	1.086	5.34E-05	1.059	5.12E-08	intergenic	"B4GALT5(dist=91674),SLC9A8(dist=7155)"
Region192:chr1:12861693	1	rs198398	1	11883342	C	T	1.1879	5.72E-05	1.189	5.17E-05	rs2639453	C	T	0.226	0.821	1.055	9.02E-03	1:11982544:rs2639453	C	T	1.102	6.95E-08	rs2639453	C	T	1.045	4.22E-02	1.071	2.27E-09	intronic	CLCN6
Region274:rs71314176	m	rs9808753	21	34787312	G	A	1.0846	0.0004805	1.0846	0.0004805	rs9808753	G	A	1	1	1.085	4.81E-04	21:34787312:rs9808753	G	A	1.075	5.80E-04	rs9808753	G	A	1.088	1.59E-03	1.082	1.60E-09	exonic	IFNGR2
Region174:rs3795131	m	rs6072343	20	39968188	G	A	0.927	0.0008908	0.927	0.0008908	rs6072343	G	A	1	1	0.927	8.91E-04	20:39968188:rs6072343	G	A	0.938	1.82E-03	rs6072343	G	A	0.899	5.47E-05	0.925	2.69E-09	intronic	ERG
Region129:rs6921288	1	chr6:130348257	6	130348257	T	C	1.1268	3.60E-05	1.0908	0.001242	rs6928313	T	C	0.144	1	1.051	4.18E-03	6:130368508:rs6928313	T	C	1.057	1.87E-04	NA	NA	NA	NA	NA	1.055	2.59E-06	intronic	L3MBTL3
