finemapped_rs,finemapped_name,proxy_name,distance,d_prime,r2,cor_alleles,regulome_db,function,finemapped_chr,finemapped_position,finemapped_or,finemapped_p_value,finemapped_A1_effect_allele,finemapped_A2_other_allele,finemapped_z,finemapped_est,finemapped_se,finemapped_OR_lower,finemapped_OR_upper,proxy_chr,proxy_position,proxy_rs,proxy_maf,proxy_effect_allele,proxy_other_allele,proxy_effect_allele_frequency_1KG
rs2258734,chr1:2483961,chr1:2524205,40244,0.9763,0.9457,"G=C,A=T",4,,1,2483961,0.910373795068557,2.521e-10,A,G,6.477909635498937,-0.09389999999999953,0.014495416775409713,0.8848731152253196,0.9366093652155886,1,2524205,rs745368,0.3098,T,C,0.3101
rs7540342,chr1:38622268,chr1:38639208,16940,1.0,0.9103,"T=G,C=A",2b,,1,38622268,0.9093729344682308,2.777e-10,C,T,6.46205415400271,-0.0950000000000006,0.014701207655642428,0.8835438405496875,0.935957103643977,1,38639208,rs7544568,0.2256,A,G,0.2217
rs2476601,chr1:114377568,chr1:114377568,0,1.0,1.0,"A=A,G=G",2b,"missense,synonymous",1,114377568,0.580479960234463,3.749999999999997e-168,G,A,29.593133321631907,-0.5438999999999995,0.01837926366527809,0.5599412806213944,0.6017719998423157,1,114377568,rs2476601,0.0926,G,A,0.9056
rs798000,chr1:117280696,chr1:117280696,0,1.0,1.0,"C=C,T=T",1b,,1,117280696,0.9006847244308659,3.962e-12,T,C,7.129136983623535,-0.10460000000000053,0.014672182655527447,0.8751521885257485,0.9269621712192484,1,117280696,rs798000,0.3114,T,C,0.6779
rs6681482,chr1:173306646,chr1:173310061,3415,1.0,1.0,"G=A,A=T",5,,1,173306646,0.9207193613169228,2.426e-08,A,G,5.6874874904809865,-0.08259999999999967,0.01452310886630438,0.8948803172626707,0.9473044897187222,1,173310061,rs6681162,0.234,T,A,0.2515
rs10175798,chr2:30449594,chr2:30449594,0,1.0,1.0,"G=G,A=A",2b,,2,30449594,1.0819879028485402,1.454e-08,A,G,5.780774655599711,0.07879999999999626,0.013631391066881394,1.0534626216896152,1.1112855812890041,2,30449594,rs10175798,0.3653,A,G,0.6203
rs55963299,chr2:61097583,chr2:61099420,1837,1.0,1.0,"A=A,G=C",5,,2,61097583,1.10517091807565,9.33e-15,G,A,7.992689236649902,0.10000000000000207,0.01251143351620119,1.0783990608567269,1.1326074015586027,2,61099420,rs13019590,0.3552,C,A,0.3628
rs12712065,chr2:100761105,chr2:100761105,0,1.0,1.0,"C=C,G=G",4,,2,100761105,0.910191738515805,1.063e-13,G,C,7.656011311766902,-0.09409999999999992,0.012290995424128093,0.8885269045037674,0.9323848233105596,2,100761105,rs12712065,0.4916,G,C,0.5089
rs11889341,chr2:191943742,chr2:191943742,0,1.0,1.0,"C=C,T=T",5,,2,191943742,1.1311106204508798,9.895e-17,T,C,8.58971986849132,0.12320000000000415,0.014342726175730656,1.099755911665795,1.1633592710212002,2,191943742,rs11889341,0.2189,T,C,0.2286
rs2141331,chr2:202151492,chr2:202173812,22320,1.0,1.0,"C=C,T=A",1f,,2,202151492,1.12659521480091,1.658e-08,T,C,5.756974627850085,0.1191999999999992,0.02070531966970191,1.0817905375283396,1.1732555739599997,2,202173812,rs16837131,0.0926,A,C,0.1004
rs3087243,chr2:204738919,chr2:204738919,0,1.0,1.0,"G=G,A=A",3a,,2,204738919,0.886211184106655,2.717e-21,A,G,9.842384135872717,-0.12079999999999975,0.012273449027427998,0.8651468998146912,0.9077883339857552,2,204738919,rs3087243,0.4428,A,G,0.4702
rs77574423,chr3:11984744,chr3:11985966,1222,0.9432,0.8824,"G=C,A=T",5,,3,11984744,1.10186037362101,1.349e-08,A,G,5.794323795370167,0.09699999999999942,0.016740521142001974,1.0662934598899902,1.1386136449542608,3,11985966,rs2600252,0.2946,T,C,0.7266
rs5019428,chr3:17046866,chr3:17064125,17259,1.0,0.9537,"G=T,A=C",7,,3,17046866,1.09888936328108,4.598e-12,A,G,7.106712622109578,0.09429999999999868,0.013269144963963154,1.0706784102893951,1.1278436373867895,3,17064125,rs4234539,0.4545,C,T,0.5358
rs9880772,chr3:27777779,chr3:27777779,0,1.0,1.0,"G=G,A=A",6,,3,27777779,1.08263729038703,1.205e-09,A,G,6.21708427645053,0.07939999999999701,0.01277126004238891,1.055873440739214,1.1100795391879392,3,27777779,rs9880772,0.4714,A,G,0.4652
rs9826420,chr3:136317506,chr3:136364282,46776,1.0,0.8154,"G=C,C=T",7,,3,136317506,1.3843074797924098,2.158e-09,C,G,6.117442518148964,0.3252000000000028,0.053159469669753885,1.247332709995491,1.5363240162411362,3,136364282,rs73230016,0.0152,T,C,0.0189
rs2918392,chr5:10704797,chr5:10698569,-6228,1.0,0.9653,"T=C,C=G",5,,5,10704797,1.0780997492739302,1.23e-08,C,T,5.810979427906367,0.07520000000000132,0.012941019828579066,1.051098282807576,1.1057948513434046,5,10698569,rs2930048,0.3956,G,C,0.4036
rs7731626,chr5:55444683,chr5:55444683,0,1.0,1.0,"G=G,A=A",2a,,5,55444683,0.830273594981933,4.1959999999999996e-33,A,G,12.553067201224144,-0.18599999999999967,0.014817095855414637,0.8065079630495323,0.8547395365045958,5,55444683,rs7731626,0.3687,A,G,0.3777
rs187579,chr5:102604933,chr5:102604933,0,1.0,1.0,"A=A,C=C",3a,,5,102604933,0.912743846667685,5.062e-11,C,A,6.736279092228122,-0.09129999999999967,0.01355347644448634,0.8888162001501638,0.9373156446619352,5,102604933,rs187579,0.3148,C,A,0.3032
rs113532504,chr6:15195682,chr6:15195682,0,1.0,1.0,"C=C,T=T",5,,6,15195682,1.12918936592516,1.606e-08,T,C,5.762758836723071,0.12150000000000205,0.02108365167491404,1.0834777892609082,1.1768294991891342,6,15195682,rs113532504,0.0909,T,C,0.1004
rs6910071,chr6:32282854,chr6:32282854,0,1.0,1.0,"A=A,G=G",6,,6,32282854,2.82921701435156,6.35937314584e-313,G,A,40.71780912809805,1.04,0.025541649275091508,2.6910686097388776,2.9744573903944613,6,32282854,rs6910071,0.1734,G,A,0.1869
rs3129871,chr6:32406342,chr6:32405671,-671,1.0,0.8899,"A=A,C=C",3a,,6,32406342,0.470010614730538,7.374853200891904e-152,A,C,28.07452776274007,-0.755,0.026892705244432304,0.4458780912727893,0.4954492770182442,6,32405671,rs3129869,0.3485,A,C,0.3449
rs660895,chr6:32577380,chr6:32666173,88793,1.0,0.7589,"A=A,G=G",3a,,6,32577380,3.2219926385285,0.0,G,A,inf,1.17,0.0,3.2219926385285,3.2219926385285,6,32666173,rs9275318,0.1768,G,A,0.163
rs72928038,chr6:90976768,chr6:90976768,0,1.0,1.0,"G=G,A=A",5,,6,90976768,1.11271168988563,6.2770000000000006e-09,A,G,5.931073113177635,0.10679999999999908,0.01800685946067859,1.0741251920598176,1.152684355567357,6,90976768,rs72928038,0.1751,A,G,0.1799
rs3804333,chr6:106727215,chr6:106727215,0,1.0,1.0,"C=C,T=T",2b,,6,106727215,1.09625519108025,2.336e-08,T,C,5.6944217826710375,0.0918999999999998,0.016138600811001567,1.062121520557346,1.1314858240889107,6,106727215,rs3804333,0.1751,T,C,0.1909
rs2485362,chr6:159503086,chr6:159503086,0,1.0,1.0,"A=A,G=G",5,,6,159503086,1.09932900694927,2.889e-12,G,A,7.176503972098567,0.09470000000000414,0.013195840254277988,1.0712606720296634,1.1281327664445466,6,159503086,rs2485362,0.3468,G,A,0.6491
rs3093017,chr6:167541258,chr6:167540842,-416,0.9931,0.9863,"C=C,G=T",5,,6,167541258,0.890920572237078,7.719e-19,G,C,9.188017830610333,-0.11550000000000014,0.012570720054025824,0.8692377408696552,0.9131442742478276,6,167540842,rs1571878,0.4343,T,C,0.5785
rs940825,chr7:17207164,chr7:17207873,709,0.9836,0.8549,"T=G,G=A",5,,7,17207164,1.11460490853834,3.387e-08,G,T,5.625955745299177,0.10849999999999893,0.01928561206523125,1.0732594148367265,1.1575431670699647,7,17207873,rs71540791,0.1313,A,G,0.1392
rs3757387,chr7:128576086,chr7:128575552,-534,0.9931,0.9343,"T=C,C=G",2b,,7,128576086,1.11393634618198,1.2130000000000002e-16,C,T,8.563785310439366,0.1078999999999982,0.012599568542250434,1.0867644047172225,1.1417876569744037,7,128575552,rs3778754,0.4815,G,C,0.4722
rs2736340,chr8:11343973,chr8:11341883,-2090,1.0,1.0,"C=A,T=C",3a,,8,11343973,1.11104387352579,3.4030000000000004e-11,T,C,6.7988409342778695,0.10530000000000177,0.015487934049038912,1.0778234130306106,1.145288248497283,8,11341883,rs2736338,0.2374,C,A,0.2445
rs1264600,chr8:102453350,chr8:102453350,0,1.0,1.0,"T=T,C=C",5,,8,102453350,0.919983080379512,7.0730000000000015e-09,C,T,5.909914250034308,-0.08340000000000032,0.014111879880408785,0.8948856944467323,0.9457843313808336,8,102453350,rs1264600,0.229,C,T,0.7535
rs2812378,chr9:34710260,chr9:34710260,0,1.0,1.0,"G=G,A=A",2b,,9,34710260,0.906920939228328,7.202e-13,A,G,7.38160545238823,-0.09769999999999993,0.013235603098834042,0.8836963400619295,0.930755908701796,9,34710260,rs2812378,0.3131,A,G,0.6839
rs1953126,chr9:123640500,chr9:123640500,0,1.0,1.0,"T=T,C=C",2b,,9,123640500,0.9294149284505648,3.957e-08,C,T,5.5970748388638425,-0.0731999999999999,0.013078260003194607,0.9058936267447228,0.9535469548790492,9,123640500,rs1953126,0.3754,C,T,0.6402
rs3134883,chr10:6100725,chr10:6102757,2032,1.0,0.9921,"G=A,A=G",2b,,10,6100725,1.1053919743641498,3.1300000000000003e-13,A,G,7.502230148872443,0.10019999999999554,0.013356028542400184,1.0768306937046217,1.1347107991368626,10,6102757,rs3118471,0.3081,G,A,0.2942
rs10905284,chr10:8115362,chr10:8114388,-974,0.9721,0.9132,"C=A,A=G",2b,,10,8115362,0.906286316714662,3.812e-11,A,C,6.781012365376017,-0.0983999999999997,0.014511107589544013,0.8808730413408907,0.9324327676255572,10,8114388,rs3802597,0.4394,G,A,0.5706
rs7902146,chr10:63801030,chr10:63801030,0,1.0,1.0,"C=C,T=T",4,,10,63801030,0.8954758732995859,6.167e-13,T,C,7.404196373535013,-0.11039999999999996,0.014910463530465668,0.8696847333042704,0.9220318685082736,10,63801030,rs7902146,0.2946,T,C,0.7187
rs73005423,chr11:118681079,chr11:118679304,-1775,1.0,1.0,"A=G,G=A",5,,11,118681079,0.8924364253199341,2.224e-12,G,A,7.215526838696028,-0.11379999999999955,0.015771544135863153,0.8652712594193998,0.9204544408099702,11,118679304,rs28409215,0.1886,A,G,0.2008
rs705700,chr12:56389293,chr12:56384804,-4489,1.0,0.9855,"T=G,C=A",1f,,12,56389293,0.9276507166184828,6.032e-09,C,T,5.938114266966605,-0.07509999999999999,0.012647112639407607,0.90493845712327,0.9509330112661608,12,56384804,rs705699,0.3603,A,G,0.3897
rs1696466,chr12:58116397,chr12:58117355,958,1.0,1.0,"T=T,C=C",2b,,12,58116397,1.07325919980692,3.939e-08,C,T,5.5979232409799184,0.07069999999999887,0.01262968371599587,1.0470176819148806,1.1001584117123202,12,58117355,rs238516,0.4394,C,T,0.5726
rs3184504,chr12:111884608,chr12:111884608,0,1.0,1.0,"T=T,C=C",3a,missense,12,111884608,0.916402133750807,1.042e-10,C,T,6.621197204658494,-0.08729999999999986,0.01318492672874597,0.8930234341610204,0.940392870576798,12,111884608,rs3184504,0.463,C,T,0.5358
rs9532434,chr13:40355913,chr13:40354200,-1713,1.0,1.0,"T=T,C=C",1f,,13,40355913,1.11438200984725,5.347999999999999e-15,C,T,8.067914735346193,0.10830000000000377,0.013423542954108407,1.0854447988153737,1.1440906670026114,13,40354200,rs12872801,0.3316,C,T,0.659
rs6495979,chr15:38847359,chr15:38847359,0,1.0,1.0,"C=C,T=T",5,,15,38847359,1.10694060691811,1.327e-12,T,C,7.292007190751712,0.1016000000000009,0.013933063605430595,1.077120412271106,1.13758637686631,15,38847359,rs6495979,0.2273,T,C,0.2515
rs8026898,chr15:69991417,chr15:70010647,19230,0.9916,0.9513,"G=C,A=T",5,,15,69991417,1.14740170597207,9.903e-23,A,G,10.208029495496683,0.1374999999999981,0.013469788665937612,1.1175057738124172,1.1780974252832874,15,70010647,rs7170107,0.2811,T,C,0.2803
rs4584833,chr16:11798758,chr16:11798758,0,1.0,1.0,"C=C,T=T",5,,16,11798758,1.08762889380883,3.512e-10,T,C,6.423415243554679,0.08400000000000342,0.013077155502953023,1.060105864401751,1.1158664906691984,16,11798758,rs4584833,0.4158,T,C,0.5785
rs9927316,chr16:86016401,chr16:86016401,0,1.0,1.0,"C=C,G=G",2b,,16,86016401,1.11449345362033,2.565e-11,G,C,6.843069241514024,0.10840000000000356,0.015840845119962598,1.0804222571483442,1.1496390878145608,16,86016401,rs9927316,0.2492,G,C,0.2396
rs56750287,chr17:38062944,chr17:38062944,0,1.0,1.0,"A=A,C=C",5,,17,38062944,1.07831539078722,1.954e-09,C,A,6.134523638859178,0.07540000000000371,0.012291092909379622,1.0526485933059992,1.1046080234209612,17,38062944,rs56750287,0.4714,C,A,0.4662
rs7241016,chr18:12880206,chr18:12880206,0,1.0,1.0,"A=A,G=G",2b,,18,12880206,1.10926762470614,3.118e-09,G,A,6.053773424239058,0.10370000000000397,0.01712981189299115,1.0726428631570115,1.1471429172610708,18,12880206,rs7241016,0.1448,G,A,0.1362
rs34536443,chr19:10463118,chr19:10427721,-35397,0.9267,0.8002,"G=T,C=A",4,,19,10463118,0.644036421083141,2.177e-20,C,G,9.606099388266186,-0.4400000000000006,0.04580423147999686,0.5887366590471373,0.7045304641856371,19,10427721,rs74956615,0.0253,A,T,0.0298
rs1883832,chr20:44746982,chr20:44746982,0,1.0,1.0,"T=T,C=C",1f,,20,44746982,1.10926762470614,2.515e-12,C,T,7.19720783594479,0.10370000000000397,0.014408365349976181,1.078379664520552,1.1410403067719856,20,44746982,rs1883832,0.2559,C,T,0.7406
rs2300373,chr21:34788739,chr21:34788739,0,1.0,1.0,"A=A,T=T",6,,21,34788739,0.894223084233935,8.607e-09,T,A,5.874982914266214,-0.11179999999999952,0.01902984257682107,0.8614842618857834,0.9282060738131834,21,34788739,rs2300373,0.1599,T,A,0.1421
rs5754100,chr22:21916166,chr22:21920817,4651,1.0,0.9787,"T=G,C=C",4,,22,21916166,1.1107106103557098,4.919e-09,C,T,5.974073875568947,0.10500000000000416,0.017575946027283497,1.073099452542705,1.1496400049721007,22,21920817,rs59391722,0.1919,C,G,0.1819
rs2069235,chr22:39747780,chr22:39747780,0,1.0,1.0,"G=G,A=A",1d,,22,39747780,1.09636482208082,5.588e-11,A,G,6.720623968918784,0.09200000000000272,0.013689205113316841,1.067339558115787,1.1261793999449152,22,39747780,rs2069235,0.2946,A,G,0.2992
