MarkerName	gene	ichipreg	chromosome	position	ID	alleleA	alleleB	condrsid	Effect_EUR	SE_EUR	AF_EUR	Effect_FIN	SE_FIN	AF_FIN	Effect_AFR	SE_AFR	AF_AFR	Effect_AMR	SE_AMR	AF_AMR	EffectphaseI	SEphaseI	ORphaseI	pphaseI	Novel
chr1:63643593:T:C	PGM1	no	1	63643593	rs2269240	T	C		0.115	0.019	0.196	0.193	0.06	0.313	0.116	0.071	0.171	0.139	0.09	0.312	0.122	0.018	1.1298	2.74E-12	1
chr1:113834946:A:G	PTPN22	yes	1	113834946	rs2476601	A	G		-0.631	0.023	0.9	-0.388	0.073	0.846	-0.319	0.182	0.984	-0.604	0.19	0.961	-0.604	0.022	0.5466	4.93E-166	0
chr1:154465420:T:C	IL6R	no	1	154465420	rs2229238	T	C		-0.105	0.02	0.813	-0.169	0.06	0.697	-0.016	0.066	0.787	-0.16	0.109	0.823	-0.106	0.018	0.8994	3.02E-09	1
chr1:172746562:A:G	FASLG	yes	1	172746562	rs78037977	A	G		-0.134	0.025	0.124	-0.14	0.097	0.1	-0.445	0.215	0.019	-0.033	0.177	0.064	-0.136	0.024	0.8728	8.03E-09	1
chr1:200829772:G:C	CAMSAP2	yes	1	200829772	rs6690988	G	C		0.133	0.02	0.186	0.03	0.06	0.33	0.061	0.057	0.43	0.145	0.089	0.376	0.118	0.018	1.1252	2.35E-11	0
chr1:206770623:C:A	IL10	yes	1	206770623	rs3024493	C	A		-0.163	0.022	0.161	-0.063	0.08	0.147	-0.181	0.15	0.036	-0.12	0.162	0.078	-0.156	0.021	0.8556	1.56E-13	0
chr1:206722016:G:T	IL10	yes	1	206722016	rs55730781	G	T	rs3024493	-0.1	0.019	0.229	-0.022	0.074	0.189	-0.283	0.091	0.119	-0.061	0.121	0.139	-0.102	0.018	0.903	1.79E-08	0
chr1:212796238:G:T	TATDN3	no	1	212796238	rs11120029	G	T		0.107	0.022	0.147	0.105	0.088	0.106	0.153	0.064	0.222	0.021	0.122	0.154	0.109	0.02	1.1152	3.89E-08	1
chr2:12512805:C:T	AC096559.1	no	2	12512805	rs10169963	C	T		0.079	0.016	0.58	0.074	0.057	0.573	0.137	0.055	0.443	0.11	0.088	0.637	0.084	0.015	1.0876	1.09E-08	1
chr2:162254026:A:G	IFIH1	yes	2	162254026	rs2111485	A	G		0.144	0.016	0.607	0.097	0.057	0.575	0.174	0.063	0.22	-0.021	0.083	0.447	0.137	0.015	1.1468	7.68E-20	0
chr2:162280432:A:G	IFIH1	yes	2	162280432	rs72871627	A	G	rs2111485	-0.578	0.082	0.013	NA	NA	NA	NA	NA	NA	NA	NA	NA	-0.578	0.082	0.561	1.94E-12	0
chr2:162268127:T:C	IFIH1	yes	2	162268127	rs35667974	T	C	rs2111485+rs72871627	-0.459	0.066	0.021	NA	NA	NA	NA	NA	NA	NA	NA	NA	-0.459	0.066	0.6319	4.87E-12	0
chr2:191089138:G:A	STAT4	yes	2	191089138	rs6434435	G	A		-0.117	0.021	0.177	-0.115	0.089	0.114	-0.041	0.063	0.265	-0.037	0.125	0.119	-0.108	0.019	0.8976	2.41E-08	1
chr2:203874196:G:A	CTLA4	yes	2	203874196	rs3087243	G	A		-0.214	0.016	0.446	-0.136	0.061	0.317	-0.161	0.067	0.231	-0.152	0.085	0.468	-0.205	0.015	0.8146	3.19E-43	0
chr2:203800092:C:T	CTLA4	yes	2	203800092	rs112165453	C	T	rs3087243	0.273	0.05	0.022	0.776	0.29	0.007	NA	NA	NA	0.057	0.361	0.013	0.283	0.049	1.3271	8.24E-09	0
chr2:203888383:CT:C	CTLA4	yes	2	203888383	rs796311366	CT	C	rs112165453+rs3087243	-0.125	0.022	0.19	-0.07	0.081	0.16	NA	NA	NA	-0.242	0.134	0.132	-0.124	0.021	0.8834	4.92E-09	0
chr3:46342713:G:A	CCR5	yes	3	46342713	rs113341849	G	A		-0.168	0.026	0.119	-0.064	0.098	0.119	-0.17	0.195	0.02	-0.278	0.201	0.047	-0.163	0.025	0.8496	8.40E-11	0
chr4:973543:C:A	TMEM175	yes	4	973543	rs113881148	C	A		0.096	0.017	0.626	0.029	0.065	0.72	0.083	0.061	0.667	0.098	0.092	0.685	0.091	0.016	1.0953	5.79E-09	1
chr4:26112424:A:G	RBPJ	yes	4	26112424	rs6848239	A	G		0.102	0.017	0.31	0.09	0.059	0.307	0.27	0.06	0.25	0.176	0.106	0.177	0.114	0.016	1.1208	2.08E-13	0
chr4:38602849:G:A	KLF3	no	4	38602849	rs337637	G	A		-0.097	0.017	0.364	-0.063	0.059	0.37	-0.224	0.073	0.184	-0.029	0.089	0.327	-0.098	0.015	0.9066	1.65E-10	1
chr4:122322439:A:ATC	IL2/IL21	yes	4	122322439	rs78636954	A	ATC		-0.158	0.02	0.635	-0.038	0.061	0.513	-0.16	0.06	0.721	0.006	0.086	0.546	-0.141	0.018	0.8685	8.87E-16	0
chr4:165653115:A:G	CPE	no	4	165653115	rs2611215	A	G		-0.134	0.021	0.843	-0.048	0.065	0.766	-0.001	0.072	0.821	0.072	0.124	0.867	-0.112	0.019	0.894	5.09E-09	0
chr5:35903895:C:T	IL7R	yes	5	35903895	rs2287900	C	T		0.101	0.018	0.246	0.088	0.061	0.287	0.032	0.066	0.21	-0.059	0.109	0.179	0.092	0.016	1.0964	2.55E-08	0
chr5:40521603:G:T	PTGER4	yes	5	40521603	rs1876142	G	T		-0.101	0.016	0.658	0.004	0.057	0.57	-0.147	0.058	0.366	-0.159	0.083	0.558	-0.098	0.015	0.9066	6.37E-11	1
chr5:56146422:T:C	ANKRD55	yes	5	56146422	rs10213692	T	C		-0.099	0.019	0.241	-0.097	0.076	0.172	-0.06	0.111	0.065	-0.121	0.118	0.146	-0.099	0.018	0.9057	3.29E-08	1
chr6:90267049:G:A	BACH2	yes	6	90267049	rs72928038	G	A		0.172	0.02	0.173	0.136	0.085	0.113	-0.026	0.139	0.035	0.104	0.118	0.134	0.165	0.019	1.1794	9.00E-18	0
chr6:126343187:C:T	CENPW	yes	6	126343187	rs17754780	C	T		0.146	0.016	0.452	0.069	0.056	0.458	0.229	0.06	0.238	0.057	0.092	0.669	0.143	0.015	1.1537	1.06E-22	0
chr6:137682468:T:C	TNFAIP3	yes	6	137682468	rs12665429	T	C		-0.092	0.016	0.37	-0.055	0.06	0.315	-0.216	0.067	0.245	-0.149	0.085	0.404	-0.098	0.015	0.9066	1.06E-10	1
chr6:159049210:G:T	TAGAP	yes	6	159049210	rs212408	G	T		0.109	0.017	0.638	0.146	0.062	0.692	0.183	0.055	0.488	0.011	0.099	0.776	0.114	0.015	1.1208	4.85E-14	1
chr7:26852706:G:A	SKAP2	yes	7	26852706	rs73069533	G	A		-0.134	0.019	0.24	-0.067	0.074	0.184	-0.178	0.137	0.041	-0.295	0.107	0.212	-0.135	0.018	0.8737	3.49E-14	0
chr7:50406053:G:A	IKZF1	yes	7	50406053	rs6944602	G	A		-0.124	0.02	0.196	-0.021	0.078	0.151	0.032	0.103	0.07	-0.108	0.109	0.187	-0.112	0.019	0.894	3.78E-09	0
chr7:50960703:T:C	COBL	yes	7	50960703	rs1018942	T	C		0.312	0.045	0.961	0.393	0.243	0.983	0.318	0.348	0.993	0.147	0.182	0.945	0.305	0.042	1.3566	7.09E-13	0
chr8:11877717:G:A	CTSB	yes	8	11877717	rs1624088	G	A		-0.106	0.019	0.285	NA	NA	NA	-0.164	0.086	0.152	-0.042	0.102	0.27	-0.106	0.018	0.8994	3.54E-09	1
chr9:4283137:G:T	GLIS3	yes	9	4283137	rs1574285	G	T		-0.13	0.016	0.591	-0.089	0.056	0.557	-0.127	0.054	0.499	-0.121	0.084	0.506	-0.127	0.015	0.8807	2.97E-18	0
chr9:5430341:T:C	PLGRKT	yes	9	5430341	rs10815223	T	C		0.086	0.017	0.677	0.019	0.062	0.719	0.133	0.057	0.557	0.201	0.086	0.58	0.089	0.016	1.0931	1.02E-08	1
chr10:6052734:C:T	IL2RA	yes	10	6052734	rs61839660	C	T		-0.463	0.03	0.097	-0.128	0.15	0.039	-0.329	0.22	0.016	-0.138	0.222	0.04	-0.443	0.029	0.6421	7.16E-52	0
chr10:6076807:C:T	IL2RA	yes	10	6076807	rs35285258	C	T	rs61839660	-0.18	0.019	0.249	-0.121	0.077	0.168	0.185	0.119	0.045	-0.128	0.104	0.22	-0.167	0.018	0.8462	1.19E-20	0
chr10:6062411:T:G	IL2RA	yes	10	6062411	rs56179589	T	G	rs61839660+rs35285258	-0.855	0.126	0.008	NA	NA	NA	NA	NA	NA	NA	NA	NA	-0.855	0.126	0.4253	1.11E-11	0
chr10:6088114:C:T	IL2RA	yes	10	6088114	rs6602437	C	T	rs61839660+rs56179589+rs35285258	-0.126	0.019	0.568	NA	NA	NA	NA	NA	NA	NA	NA	NA	-0.126	0.019	0.8816	1.65E-11	0
chr10:6348488:G:A	IL2RA	yes	10	6348488	rs947474	G	A	rs61839660+rs56179589+rs35285258+rs6602437	0.131	0.021	0.811	NA	NA	NA	NA	NA	NA	NA	NA	NA	0.131	0.021	1.14	3.02E-10	0
chr10:33137219:T:C	NRP1	no	10	33137219	rs722988	T	C		0.091	0.016	0.369	0.023	0.061	0.323	0.194	0.055	0.524	0.272	0.084	0.437	0.1	0.015	1.1052	1.81E-11	1
chr10:88287593:T:G	RNLS	yes	10	88287593	rs2018705	T	G		-0.18	0.019	0.254	-0.189	0.069	0.229	-0.157	0.066	0.256	-0.127	0.099	0.249	-0.178	0.017	0.8369	2.40E-25	0
chr11:2160994:A:T	INS	yes	11	2160994	rs689	A	T		0.769	0.021	0.714	0.585	0.08	0.787	0.447	0.059	0.264	0.666	0.113	0.764	0.724	0.019	2.0627	0	0
chr11:2173580:T:C	INS	yes	11	2173580	rs7119275	T	C	rs689	0.126	0.018	0.626	0.006	0.065	0.685	0.237	0.068	0.759	0.157	0.105	0.74	0.126	0.017	1.1343	3.00E-14	0
chr11:35292908:T:C	SLC1A2	yes	11	35292908	rs10836367	T	C		0.098	0.017	0.367	0.094	0.062	0.332	0.078	0.064	0.299	0.136	0.097	0.385	0.098	0.016	1.103	8.11E-10	1
chr11:60961822:G:T	CD5/CD6	yes	11	60961822	rs79538630	G	T		0.2	0.041	0.035	0.491	0.21	0.014	0.191	0.081	0.119	0.018	0.26	0.028	0.204	0.036	1.2263	9.86E-09	1
chr11:128734279:C:T	FLI1	yes	11	128734279	rs607703	C	T		0.114	0.017	0.439	-0.049	0.063	0.5	NA	NA	NA	NA	NA	NA	0.103	0.017	1.1085	1.03E-09	1
chr12:9753255:A:C	CD69	yes	12	9753255	rs917911	A	C		0.11	0.016	0.363	0.07	0.058	0.356	-0.05	0.092	0.096	-0.001	0.084	0.434	0.1	0.015	1.1052	4.39E-11	0
chr12:53077434:C:A	ITGB7	no	12	53077434	rs7313065	C	A		0.115	0.021	0.162	0.003	0.067	0.227	0.162	0.058	0.558	0.092	0.111	0.188	0.111	0.019	1.1174	3.45E-09	1
chr12:56050848:C:T	IKZF4	yes	12	56050848	rs34415530	C	T		0.229	0.016	0.335	0.254	0.059	0.313	0.259	0.077	0.125	0.16	0.099	0.233	0.231	0.015	1.2599	4.42E-51	0
chr12:56034460:G:A	IKZF4	yes	12	56034460	rs77508451	G	A	rs34415530	0.226	0.033	0.061	-0.022	0.123	0.06	0.149	0.179	0.02	0.389	0.212	0.034	0.211	0.031	1.2349	7.51E-12	0
chr12:111427245:C:G	SH2B3	yes	12	111427245	rs7310615	C	G		-0.268	0.016	0.505	-0.099	0.057	0.587	-0.108	0.093	0.919	-0.128	0.098	0.768	-0.249	0.015	0.7796	9.17E-62	0
chr13:99416013:C:T	GPR183	yes	13	99416013	rs9557217	C	T		-0.086	0.018	0.744	-0.171	0.06	0.672	-0.185	0.056	0.424	-0.24	0.09	0.655	-0.106	0.016	0.8994	6.14E-11	0
chr14:68286876:C:T	RAD51B	no	14	68286876	rs911263	C	T		0.101	0.018	0.71	0.127	0.062	0.681	0.002	0.065	0.239	0.012	0.1	0.731	0.094	0.016	1.0986	7.26E-09	1
chr14:68843795:C:T	ZFP36L1	yes	14	68843795	rs174213	C	T		-0.112	0.017	0.322	-0.06	0.059	0.357	-0.072	0.087	0.11	-0.083	0.093	0.288	-0.106	0.016	0.8994	3.18E-11	0
chr14:98032614:A:G	AP000997.1	yes	14	98032614	rs4900384	A	G		0.118	0.017	0.282	-0.011	0.057	0.413	0.089	0.055	0.562	0.01	0.084	0.42	0.102	0.016	1.1074	4.33E-11	0
chr14:100840110:T:C	MEG3	yes	14	100840110	rs56994090	T	C		-0.124	0.016	0.418	-0.156	0.057	0.492	0.037	0.055	0.431	-0.042	0.084	0.395	-0.112	0.015	0.894	1.81E-14	0
chr15:78944951:C:T	CTSH	yes	15	78944951	rs2289702	C	T		-0.264	0.028	0.103	0.05	0.085	0.12	0.003	0.163	0.029	-0.459	0.172	0.088	-0.232	0.026	0.7929	2.53E-19	0
chr16:11100914:C:T	DEXI	yes	16	11100914	rs12927355	C	T		-0.202	0.017	0.323	-0.167	0.063	0.304	-0.096	0.064	0.249	-0.337	0.101	0.263	-0.197	0.016	0.8212	6.46E-35	0
chr16:11334786:C:G	DEXI	yes	16	11334786	rs66718203	C	G	rs12927355	-0.157	0.021	0.178	-0.034	0.079	0.148	-0.352	0.164	0.031	-0.064	0.153	0.089	-0.151	0.02	0.8598	1.18E-13	0
chr16:20331769:T:C	UMOD	no	16	20331769	rs4238595	T	C		-0.103	0.017	0.687	-0.194	0.061	0.696	-0.06	0.112	0.945	0.059	0.094	0.741	-0.104	0.016	0.9012	7.36E-11	1
chr16:28496748:C:T	IL27	yes	16	28496748	rs151174	C	T		-0.118	0.016	0.405	-0.135	0.057	0.486	-0.206	0.066	0.241	-0.098	0.088	0.333	-0.123	0.015	0.8843	2.37E-16	0
chr16:75212137:G:C	BCAR1	yes	16	75212137	rs72802365	G	C		0.266	0.028	0.078	0.026	0.101	0.08	0.115	0.181	0.02	0.074	0.165	0.063	0.242	0.026	1.2738	2.22E-20	0
chr17:39910119:T:C	GSDMB	yes	17	39910119	rs56380902	T	C		0.116	0.016	0.503	0.091	0.056	0.553	0.306	0.055	0.439	0.125	0.083	0.401	0.128	0.014	1.1366	1.19E-18	0
chr17:46003698:A:G	MAPT2	no	17	46003698	rs8070723	A	G		-0.14	0.019	0.232	0.206	0.105	0.067	-0.16	0.077	0.166	0.025	0.125	0.124	-0.128	0.018	0.8799	1.53E-12	1
chr18:12818923:G:A	PTPN2	yes	18	12818923	rs80262450	G	A		0.225	0.023	0.124	0.117	0.083	0.123	0.239	0.172	0.019	0.349	0.178	0.058	0.22	0.022	1.2461	4.37E-24	0
chr18:12857759:G:A	PTPN2	yes	18	12857759	rs62097857	G	A	rs80262450	0.277	0.038	0.039	0.176	0.155	0.032	0.089	0.261	0.009	-0.068	0.241	0.041	0.26	0.036	1.2969	8.96E-13	0
chr18:69869260:C:T	CD226	yes	18	69869260	rs12969657	C	T		-0.117	0.016	0.516	-0.079	0.056	0.548	-0.305	0.088	0.126	0.006	0.086	0.484	-0.116	0.015	0.8905	4.36E-15	0
chr19:10352442:G:C	TYK2	yes	19	10352442	rs34536443	G	C		-0.439	0.044	0.045	-0.324	0.182	0.03	NA	NA	0.009	NA	NA	NA	-0.432	0.043	0.6492	6.44E-24	0
chr19:10359299:A:C	TYK2	yes	19	10359299	rs12720356	A	C	rs34536443	-0.222	0.029	0.093	-0.277	0.11	0.081	-0.384	0.229	0.016	NA	NA	NA	-0.228	0.028	0.7961	1.31E-16	0
chr19:46692822:T:C	PRKD2	yes	19	46692822	rs314675	T	C		-0.156	0.024	0.137	-0.254	0.084	0.151	-0.058	0.127	0.049	-0.351	0.156	0.092	-0.164	0.022	0.8487	2.01E-13	0
chr19:48703417:G:A	FUT2	yes	19	48703417	rs601338	G	A		0.111	0.016	0.493	0.027	0.057	0.388	0.131	0.055	0.494	0.286	0.09	0.31	0.111	0.014	1.1174	9.14E-15	0
chr20:1635560:A:G	SIRPG	yes	20	1635560	rs6043409	A	G		0.123	0.017	0.653	0.078	0.062	0.692	0.096	0.071	0.804	0.115	0.102	0.784	0.119	0.016	1.1264	2.57E-14	0
chr20:41115265:G:A	LPIN3	no	20	41115265	rs6072275	G	A		0.116	0.022	0.147	0.034	0.066	0.243	0.126	0.097	0.078	0.137	0.129	0.104	0.11	0.02	1.1163	4.25E-08	1
chr21:42416077:G:A	UBASH3A	yes	21	42416077	rs11203203	G	A		0.138	0.016	0.371	0.178	0.062	0.271	0.172	0.071	0.153	0.023	0.094	0.277	0.139	0.015	1.1491	4.64E-20	0
chr21:44209238:A:T	ICOSLG	yes	21	44209238	rs58911644	A	T		-0.114	0.021	0.184	-0.059	0.076	0.175	-0.071	0.089	0.112	-0.172	0.122	0.145	-0.109	0.019	0.8967	1.80E-08	1
chr22:30026118:C:G	ASCC2/LIF	yes	22	30026118	rs41171	C	G		-0.117	0.016	0.619	-0.178	0.062	0.745	-0.141	0.073	0.853	-0.05	0.101	0.767	-0.12	0.015	0.8869	1.54E-15	0
chr22:37189696:T:C	C1QTNF6	yes	22	37189696	rs229531	T	C		0.102	0.016	0.437	0.057	0.057	0.4	0.13	0.057	0.626	0.166	0.088	0.464	0.103	0.015	1.1085	1.86E-12	0
