CHR	BP	SNP	EA	OA	log(OR)	SE	P
1	2525665	rs3748817	C	T	-0.127833372	0.009652155	1.54E-36
1	6530189	rs3007421	G	A	-0.113168698	0.013154493	8.91E-17
1	24180962	rs13551	T	C	-0.066139803	0.011855134	4.36E-08
1	25299602	rs7550552	T	C	-0.061875404	0.01000881	1.48E-09
1	32715641	rs10914539	G	T	-0.123298216	0.01495827	1.44E-15
1	65429319	rs72922276	G	A	0.151862349	0.018417398	1.41E-15
1	85746993	rs12087340	C	T	-0.189950584	0.015581739	2.27E-31
1	93160238	rs11577426	C	T	-0.122167634	0.010221316	2.95E-30
1	101294036	rs12132283	A	C	0.092579181	0.009080278	1.11E-22
1	117100957	rs1335532	A	G	0.261594738	0.013952685	4.55E-70
1	120208297	rs541503	C	T	-0.082295243	0.009319037	1.45E-17
1	157669278	rs3761959	C	T	0.076961041	0.009121573	3.25E-16
1	160720554	rs3766374	G	A	0.084341148	0.010094074	6.1E-16
1	192541021	rs1323292	A	G	0.151002874	0.012016975	3.64E-33
1	212877776	rs9308424	A	G	-0.089924708	0.011715641	9.25E-14
2	12640741	rs1534422	A	G	-0.053400777	0.009276193	1.66E-08
2	25038268	rs2082881	A	G	-0.068278841	0.010751641	5.45E-10
2	43356490	rs17030410	T	G	0.11064652	0.010395157	1.65E-24
2	61176073	rs2278300	G	T	0.090754363	0.009725812	2.31E-19
2	65597671	rs11673987	A	G	0.065787741	0.009680674	3.47E-11
2	68607947	rs3816281	T	G	0.086177696	0.010284543	5.08E-16
2	112466265	rs12373588	T	G	-0.06720875	0.009271966	1.78E-12
2	136861225	rs11897084	A	G	0.080657903	0.012586594	3.85E-10
2	151644203	rs962052	C	T	0.061095099	0.010386984	8.28E-09
2	191989356	rs6738544	C	A	0.071389996	0.009467784	2.4E-13
2	204611195	rs6435203	A	G	0.073250462	0.010372504	6.18E-12
2	231121829	rs35540610	C	T	0.132781111	0.010551839	2.98E-33
3	27791614	rs12330493	T	G	-0.080126044	0.009390721	1.55E-16
3	28072086	rs438613	C	T	0.139761942	0.008977152	2.31E-49
3	32979088	rs6550177	T	C	0.058268908	0.009257473	7.63E-10
3	71535338	rs9878602	T	G	0.09531018	0.010497794	1.91E-18
3	100902575	rs77958473	T	C	0.14496577	0.021641237	6.42E-11
3	105455955	rs2289746	C	T	0.081579987	0.011478862	4.59E-12
3	121770539	rs2255214	G	T	0.129272336	0.008953522	6.98E-43
3	141140968	rs9846396	C	T	0.058268908	0.009391868	1.3E-09
3	159691112	rs1014486	C	T	0.104360015	0.009069283	3.13E-28
3	169492101	rs10936599	C	T	0.074179398	0.01076664	1.9E-11
3	187567888	rs969625	G	A	-0.066139803	0.011052857	4.65E-09
3	188000625	rs9839229	T	C	0.064850972	0.011229341	1.50E-08
4	40303633	rs6832151	G	T	0.075107472	0.011939313	7.79E-10
4	48143201	rs17470892	T	C	-0.06400533	0.009217753	1.34E-11
4	87837546	rs2705618	T	C	-0.074723546	0.010725027	1.15E-11
4	103551603	rs7665090	G	A	0.088926209	0.010666467	7.03E-16
4	122119449	rs17051321	C	T	-0.081210055	0.012356118	1.41E-10
4	164499489	rs13150896	G	A	0.063913326	0.010736648	5.55E-09
5	6712834	rs34681760	C	T	0.07881118	0.011453428	2.01E-11
5	35857704	rs11567694	G	A	-0.119910297	0.010361005	1.58E-28
5	40424048	rs11740512	A	C	-0.139262067	0.012920869	4.54E-25
5	55440730	rs71624119	G	A	0.089840704	0.011076869	3.89E-15
5	118703662	rs32658	G	T	-0.060812139	0.010793449	3.24E-08
5	133446575	rs756699	T	C	0.106160196	0.013550258	2.96E-14
5	141539339	rs249677	C	A	-0.071496002	0.009642237	5.73E-13
5	158759900	rs2546890	A	G	0.084341148	0.009134864	5.3E-19
5	176806636	rs35716097	T	C	0.098939948	0.010070531	3.18E-21
6	14719496	rs17119	A	G	0.105260511	0.011911329	1.38E-17
6	16672760	rs719316	T	C	0.069526063	0.009152565	1.62E-13
6	31346822	rs9266629	C	T	-0.198450939	0.0118312	8.88E-57
6	32410987	rs3135391	A	G	1.064710737	0.0256861	4.94E-324
6	90976768	rs72928038	G	A	-0.14387037	0.012365969	8.38E-29
6	119215402	rs11542663	A	C	0.075107472	0.011668625	3.24E-10
6	135797808	rs12206850	T	C	-0.108699417	0.009257202	2.72E-29
6	137452908	rs17066096	G	A	0.134530893	0.010277125	9.26E-36
6	159474624	rs212397	C	A	-0.124430078	0.009589397	3.48E-35
7	2448493	rs6952809	C	T	-0.06400533	0.011325374	2.95E-08
7	3139417	rs10951042	C	T	0.097126711	0.010663607	1.5E-18
7	27014988	rs706015	T	G	-0.076881044	0.011925738	3.05E-10
7	28142186	rs10245867	G	T	-0.06720875	0.009659017	1.22E-11
7	37382465	rs60600003	T	G	-0.135819723	0.01468363	4.6E-19
7	50241812	rs921911	A	G	0.084341148	0.012645156	7.69E-11
7	50334208	rs28625973	A	G	0.087094707	0.010286312	2.58E-16
7	105751772	rs3801275	T	C	0.120446153	0.019041974	6.34E-10
7	128573967	rs4728142	G	A	-0.056570351	0.009365562	3.37E-09
7	138729795	rs10271373	C	A	-0.05551271	0.009169259	3.11E-09
7	149313811	rs735120	C	T	0.077886539	0.012389475	7.99E-10
9	100740124	rs4743150	C	T	0.074179398	0.011248666	1.23E-10
10	6099045	rs2104286	T	C	0.187309098	0.010373097	2.96E-65
10	8098719	rs1399180	T	C	-0.0965109	0.014445088	7.16E-11
10	31415106	rs793108	C	T	-0.084469157	0.009100149	3.5E-19
10	64521829	rs224032	G	A	0.085259844	0.010093308	3.01E-16
10	75653800	rs17741873	G	T	0.065787741	0.011820909	4.69E-08
10	81045280	rs1250568	T	C	-0.0965109	0.009280777	1.68E-23
10	94481917	rs7923837	G	A	0.082501222	0.009390048	2.08E-17
11	309127	rs1059091	G	A	-0.075801713	0.013085376	1.36E-08
11	14876718	rs116970203	G	A	-0.252314929	0.035999299	8.76E-12
11	36437982	rs3931757	T	C	-0.091019398	0.016275869	4.06E-08
11	47249294	rs2957873	A	G	-0.086647807	0.011385831	1.47E-13
11	60835043	rs506616	G	T	0.116893751	0.009930288	2E-29
11	95311422	rs4409785	T	C	-0.083381609	0.011834041	6.87E-12
11	118743286	rs12365699	G	A	0.116893751	0.012512013	2.1E-19
11	118747813	rs6589706	A	G	0.104360015	0.009475482	4.53E-26
13	50811220	rs9591325	T	C	0.20538683	0.021843817	1.26E-19
13	51002615	rs9562970	G	A	-0.085557888	0.01431122	4.8E-09
13	100086259	rs4772201	A	G	0.104360015	0.012131992	8.98E-17
14	52325131	rs4468527	G	A	-0.091019398	0.014635201	1.19E-09
14	69265564	rs8022092	C	A	0.07881118	0.009058873	4.14E-17
14	75976200	rs175706	G	A	0.079734968	0.01074704	5.56E-13
14	88504511	rs117822168	G	A	0.286681572	0.023879182	1.67E-30
14	103276855	rs8006649	G	A	-0.089924708	0.010965527	1.98E-15
15	79231203	rs10152892	A	C	0.100749903	0.011703431	8.53E-17
15	90883733	rs7183707	G	T	-0.085557888	0.011695166	1.13E-12
16	1065433	rs108990	T	C	-0.0965109	0.011851734	3.05E-15
16	11179873	rs12708716	G	A	-0.177931208	0.009413398	3.7E-71
16	29932064	rs4609871	C	T	-0.089924708	0.009054942	1.23E-21
16	57106671	rs9937051	T	C	0.084341148	0.014062294	4.3E-09
16	79111297	rs12925972	C	T	0.101653654	0.010794297	1.11E-19
16	79649394	rs7196953	G	A	-0.077961541	0.009990388	3.7E-14
16	86021505	rs35703946	G	A	0.12398598	0.01417373	2.83E-17
18	56422868	rs4545915	A	G	-0.085557888	0.012688318	4.85E-11
18	67543147	rs1610555	G	T	-0.053400777	0.009445807	2.92E-08
19	4443046	rs2992	T	C	-0.070422464	0.011830734	5.56E-09
19	6668972	rs1077667	C	T	0.144100344	0.011531273	7.88E-33
19	10981352	rs12460421	A	G	0.056380333	0.009456703	5.27E-09
19	18285944	rs11554159	A	G	-0.113168698	0.010525149	5.83E-25
19	47661493	rs307896	G	A	0.074179398	0.01216802	2.44E-09
19	49870643	rs8107548	T	C	-0.093212382	0.01032994	3.02E-18
20	39968188	rs6072343	G	A	-0.077961541	0.012823912	2.69E-09
20	52791518	rs2248359	T	C	-0.087738914	0.009380759	1.92E-19
20	62369997	rs1151625	C	T	0.138891999	0.017831664	4.11E-14
21	34787312	rs9808753	G	A	0.07881118	0.012775817	1.6E-09
21	39852472	rs1041796	T	C	-0.100925919	0.015595206	2.62E-10
22	22131125	rs2283792	G	T	0.085259844	0.009058445	1.16E-19
22	31593435	rs2027982	C	T	0.062974799	0.010787569	1.06E-08
22	37258503	rs4821544	T	C	0.067658648	0.010051177	5.22E-11
22	40293463	rs137956	C	T	0.055434707	0.009468063	9.63E-09
22	50971047	rs361725	C	T	-0.109814866	0.011065597	1.31E-21
