Description	leadSNP	rsid	CHR	BP	EA	NEA	EAF	Beta	SE	P	N	N.COJO	literatureSNP	transSNP	transExact	transR2	transDistance
1. novel SNP in Europeans only	chr1:147121000	rs79489938	1	147121000	G	A	0.986	0.113	0.021	4.79E-08	1041220	0	-	-	-	-	-
	chr3:3649850	rs9842137	3	3649850	C	T	0.997	-0.425	0.074	9.26E-09	1023280	0	-	-	-	-	-
	chr3:36870230	rs11129735	3	36870230	G	A	0.538	-0.026	0.005	1.53E-08	1042540	0	-	-	-	-	-
	chr3:89986280	rs11716527	3	89986280	C	T	0.095	0.049	0.009	6.69E-09	1039830	0	-	-	-	-	-
	chr3:128579324	rs181752889	3	128579324	C	T	0.996	-0.282	0.047	1.87E-09	1023280	0	-	-	-	-	-
	chr4:91243865	rs7656001	4	91243865	G	A	0.450	-0.026	0.005	1.23E-08	1042540	1	-	-	-	-	-
	chr6:41012405	rs4714422	6	41012405	G	A	0.239	0.029	0.005	4.81E-08	1042540	1	-	-	-	-	-
	chr7:1872921	rs4721089	7	1872921	C	T	0.243	-0.034	0.006	7.92E-10	1042540	0	-	-	-	-	-
	chr7:2760750	rs798549	7	2760750	C	A	0.282	0.030	0.005	1.46E-08	1042540	0	-	-	-	-	-
	chr8:4186731	rs117173251	8	4186731	C	T	0.967	-0.077	0.014	2.48E-08	1039830	0	-	-	-	-	-
	chr9:126586563	rs1752169	9	126586563	C	A	0.731	-0.032	0.005	1.64E-09	1042540	0	-	-	-	-	-
	chr10:73835274	rs12773019	10	73835274	G	C	0.028	0.089	0.016	4.82E-08	1039830	0	-	-	-	-	-
	chr11:74625997	rs480840	11	74625997	C	T	0.423	0.025	0.005	4.46E-08	1042540	0	-	-	-	-	-
	chr13:28245127	rs9319382	13	28245127	C	T	0.679	0.028	0.005	2.87E-08	1042540	0	-	-	-	-	-
	chr15:36392562	rs11073147	15	36392562	G	A	0.540	0.025	0.005	4.26E-08	1042540	0	-	-	-	-	-
	chr15:60938816	rs8033609	15	60938816	C	A	0.455	-0.027	0.005	1.11E-08	1042540	0	-	-	-	-	-
	chr15:67260238	rs1874832	15	67260238	G	A	0.168	0.038	0.007	3.22E-09	1042540	0	-	-	-	-	-
	chr17:75386909	rs1656794	17	75386909	G	A	0.716	0.031	0.005	3.58E-09	1042540	0	-	-	-	-	-
	chr17:77895311	rs9912236	17	77895311	C	T	0.750	0.031	0.006	1.56E-08	1039830	0	-	-	-	-	-
	chr18:13271367	rs11662800	18	13271367	G	A	0.582	-0.028	0.005	2.42E-09	1042540	1	-	-	-	-	-
	chr21:47767295	rs75756987	21	47767295	G	C	0.888	0.044	0.007	1.61E-09	1042540	0	-	-	-	-	-
2. novel SNP in transethnic meta	chr1:6669970	rs12741141	1	6669970	G	C	0.362	0.040	0.005	1.37E-16	1042540	1	-	chr1:6672729	0	0.99	2759
	chr1:11306279	rs4845987	1	11306279	G	C	0.309	-0.028	0.005	2.78E-08	1042540	1	-	chr1:11317932	0	0.87	11653
	chr1:20729451	rs10916784	1	20729451	G	C	0.585	0.027	0.005	3.91E-09	1042540	1	-	chr1:20707153	0	0.12	22298
	chr1:26868639	rs6685701	1	26868639	G	A	0.721	-0.030	0.005	1.14E-08	1042540	3	-	chr1:26756856	0	0.66	111783
	chr1:28110797	rs111824905	1	28110797	C	T	0.055	0.069	0.012	4.02E-09	1039830	0	-	chr1:27284913	0	0.08	825884
	chr1:29024956	rs10915188	1	29024956	G	A	0.415	-0.029	0.005	3.69E-10	1042540	0	-	chr1:29060898	0	0.90	35942
	chr1:64107284	rs2269247	1	64107284	C	T	0.814	0.035	0.006	5.74E-09	1042540	0	-	chr1:64107284	1	1.00	0
	chr1:65989878	rs10889560	1	65989878	C	A	0.912	-0.047	0.008	4.01E-09	1042540	0	-	chr1:65989878	1	1.00	0
	chr1:67010654	rs4655617	1	67010654	C	A	0.434	0.028	0.005	2.45E-09	1042540	0	-	chr1:67010654	1	1.00	0
	chr1:72839774	rs2613503	1	72839774	C	A	0.199	-0.039	0.006	7.48E-11	1042540	1	-	chr1:72751552	0	0.94	88222
	chr1:112292303	rs197379	1	112292303	C	T	0.387	0.027	0.005	9.14E-09	1042540	0	-	chr1:112289983	0	1.00	2320
	chr1:118148384	rs41276588	1	118148384	G	A	0.717	-0.038	0.005	4.10E-13	1042540	0	-	chr1:118169463	0	0.82	21079
	chr1:149894355	rs72692805	1	149894355	G	A	0.924	0.054	0.009	6.01E-10	1042540	0	-	chr1:149891028	0	0.99	3327
	chr1:155269776	rs3020781	1	155269776	G	A	0.270	0.033	0.005	1.05E-10	1042540	1	-	chr1:155269776	1	1.00	0
	chr1:172361032	rs4916253	1	172361032	G	T	0.431	0.027	0.005	3.09E-09	1042540	0	-	chr1:172368310	0	0.98	7278
	chr1:201763499	rs567185	1	201763499	C	T	0.366	-0.037	0.005	1.55E-14	1042540	0	-	chr1:201849926	0	0.45	86427
	chr1:205789455	rs7538321	1	205789455	T	A	0.125	0.042	0.007	1.33E-09	1042540	0	-	chr1:205789455	1	1.00	0
	chr2:18721662	rs7558413	2	18721662	G	A	0.431	-0.029	0.005	6.44E-10	1042540	0	-	chr2:18707873	0	0.95	13789
	chr2:26192802	rs72803684	2	26192802	C	T	0.954	-0.069	0.012	6.01E-09	1032690	0	-	chr2:26192802	1	1.00	0
	chr2:67878328	rs1430780	2	67878328	C	T	0.677	-0.027	0.005	3.35E-08	1042540	0	-	chr2:67622243	0	-	256085
	chr2:100598726	rs34506349	2	100598726	G	A	0.960	0.068	0.012	1.76E-08	1039830	0	-	chr2:100598726	1	1.00	0
	chr2:105148418	rs17624303	2	105148418	C	T	0.725	0.029	0.005	4.88E-08	1042540	0	-	chr2:105165674	0	0.87	17256
	chr2:112795492	rs34589210	2	112795492	G	A	0.857	-0.039	0.007	6.89E-09	1042540	0	-	chr2:112823114	0	0.93	27622
	chr2:145261174	rs2033159	2	145261174	C	A	0.234	0.035	0.006	4.90E-10	1042540	3	-	chr2:145726656	0	-	465482
	chr2:146348037	rs7609422	2	146348037	G	A	0.410	0.030	0.005	2.67E-10	1042540	1	-	chr2:146350724	0	0.76	2687
	chr2:152167830	rs13020443	2	152167830	C	T	0.498	0.031	0.005	2.65E-11	1042540	1	-	chr2:152198598	0	0.97	30768
	chr2:175197545	rs12992995	2	175197545	C	A	0.732	0.031	0.005	2.46E-09	1042540	0	-	chr2:175197545	1	1.00	0
	chr2:179650954	rs6715901	2	179650954	G	A	0.512	0.027	0.005	3.06E-09	1042540	0	-	chr2:179650954	1	1.00	0
	chr2:181618654	rs6741676	2	181618654	G	A	0.332	-0.032	0.005	3.64E-11	1042540	0	-	chr2:181618654	1	1.00	0
	chr2:203450680	rs12463719	2	203450680	G	A	0.718	-0.032	0.005	6.15E-10	1042540	0	-	chr2:203235139	0	0.25	215541
	chr2:208870017	rs34329895	2	208870017	G	A	0.603	-0.028	0.005	3.10E-09	1042540	0	-	chr2:208870017	1	1.00	0
	chr2:212302573	rs13005841	2	212302573	T	A	0.287	-0.029	0.005	1.89E-08	1042540	0	-	chr2:212274937	0	0.84	27636
	chr2:213835977	rs17354348	2	213835977	G	A	0.258	-0.029	0.005	2.99E-08	1042540	0	-	chr2:213829721	0	0.73	6256
	chr3:9514016	rs3872707	3	9514016	G	A	0.860	-0.045	0.007	3.46E-11	1042540	1	-	chr3:9514016	1	1.00	0
	chr3:15741389	rs4465929	3	15741389	C	T	0.596	-0.030	0.005	5.11E-11	1042540	0	-	chr3:15706124	0	0.97	35265
	chr3:35667761	rs10490871	3	35667761	G	A	0.369	0.027	0.005	6.58E-09	1042540	0	-	chr3:35670150	0	1.00	2389
	chr3:71656045	rs844215	3	71656045	C	T	0.587	0.026	0.005	2.04E-08	1042540	0	-	chr3:71648868	0	0.99	7177
	chr3:86831077	rs1437055	3	86831077	C	A	0.387	-0.027	0.005	1.19E-08	1042540	0	-	chr3:86756871	0	0.88	74206
	chr3:115084080	rs6438247	3	115084080	C	T	0.155	0.044	0.007	4.05E-11	1042540	0	-	chr3:115063672	0	0.99	20408
	chr3:131644937	rs1225052	3	131644937	G	A	0.371	0.027	0.005	1.00E-08	1042540	1	-	chr3:131750844	0	0.32	105907
	chr3:135625498	rs9852406	3	135625498	C	T	0.746	-0.038	0.005	8.96E-13	1042540	0	-	chr3:135641284	0	0.67	15786
	chr3:138055136	rs6766859	3	138055136	C	T	0.376	0.033	0.005	7.24E-12	1042540	0	-	chr3:138055136	1	1.00	0
	chr3:141134569	rs73872717	3	141134569	C	T	0.953	0.086	0.011	4.78E-15	1042540	1	-	chr3:141101839	0	0.98	32730
	chr3:149196752	rs34573045	3	149196752	G	C	0.420	0.031	0.005	2.27E-11	1042540	0	-	chr3:149221563	0	0.53	24811
	chr3:160171092	rs56394279	3	160171092	C	T	0.468	0.031	0.005	5.30E-12	1042540	0	-	chr3:160153305	0	0.95	17787
	chr3:173119768	rs686998	3	173119768	G	A	0.539	0.027	0.005	6.11E-09	1042540	0	-	chr3:173107443	0	0.93	12325
	chr3:184877626	rs10937208	3	184877626	G	A	0.136	0.044	0.007	1.06E-10	1042540	3	-	chr3:184882015	0	0.76	4389
	chr3:195810187	rs7619708	3	195810187	C	T	0.242	-0.033	0.005	3.46E-10	1042540	0	-	chr3:195831237	0	0.67	21050
	chr4:20210953	rs11940813	4	20210953	G	A	0.137	0.037	0.007	2.65E-08	1042540	0	-	chr4:20265535	0	0.06	54582
	chr4:48880627	rs62310934	4	48880627	G	C	0.389	-0.030	0.005	1.37E-10	1042540	0	-	chr4:49067323	0	0.16	186696
	chr4:76535086	rs2055997	4	76535086	G	A	0.701	0.031	0.005	6.53E-10	1042540	1	-	chr4:76496817	0	0.94	38269
	chr4:77528821	rs11723275	4	77528821	C	A	0.467	0.027	0.005	4.26E-09	1042540	1	-	chr4:77533939	0	0.52	5118
	chr4:96114385	rs3755879	4	96114385	G	A	0.685	-0.033	0.005	5.78E-11	1042540	0	-	chr4:96114385	1	1.00	0
	chr4:106048291	rs17035289	4	106048291	C	T	0.171	0.043	0.006	5.71E-12	1042540	1	-	chr4:106048291	1	1.00	0
	chr4:129179458	rs12509379	4	129179458	G	T	0.788	-0.031	0.006	2.66E-08	1042540	0	-	chr4:129024273	0	0.57	155185
	chr4:140906390	rs12505942	4	140906390	C	T	0.339	-0.030	0.005	7.03E-10	1042540	1	-	chr4:140906390	1	1.00	0
	chr4:145621328	rs75686861	4	145621328	G	A	0.907	-0.047	0.008	4.16E-09	1042540	0	-	chr4:145612552	0	0.13	8776
	chr4:186580062	rs35901985	4	186580062	G	A	0.176	-0.035	0.006	1.69E-08	1042540	0	-	chr4:186580062	1	1.00	0
	chr5:36084426	rs114136102	5	36084426	C	T	0.040	0.072	0.012	2.05E-09	1042540	0	-	chr5:36084426	1	1.00	0
	chr5:87705268	rs2410767	5	87705268	G	C	0.221	-0.033	0.006	6.79E-09	1042540	1	-	chr5:87697533	0	1.00	7735
	chr5:137823156	rs112667817	5	137823156	C	T	0.879	0.061	0.011	5.76E-09	216536	1	-	chr5:137431501	0	0.06	391655
	chr6:15475051	rs727734	6	15475051	T	A	0.253	-0.030	0.005	3.06E-08	1042540	0	-	chr6:15475051	1	1.00	0
	chr6:19718157	rs9368112	6	19718157	C	T	0.475	-0.026	0.005	2.69E-08	1042540	2	-	chr6:19751516	0	0.78	33359
	chr6:33542523	rs9296095	6	33542523	C	T	0.197	-0.034	0.006	4.75E-09	1042540	0	-	chr6:33552707	0	0.98	10184
	chr6:111738793	rs55812705	6	111738793	C	T	0.251	-0.031	0.005	7.45E-09	1042540	0	-	chr6:111738793	1	1.00	0
	chr6:126052359	rs2008027	6	126052359	G	A	0.504	0.027	0.005	4.28E-09	1042540	0	-	chr6:126061502	0	1.00	9143
	chr6:143069315	rs197482	6	143069315	C	T	0.616	0.030	0.005	2.64E-10	1042540	1	-	chr6:143056556	0	0.89	12759
	chr6:153428102	rs9383649	6	153428102	G	A	0.419	0.033	0.005	1.06E-12	1042540	1	-	chr6:153440770	0	0.99	12668
	chr7:4683258	rs62450857	7	4683258	G	A	0.867	-0.039	0.007	1.85E-08	1042540	0	-	chr7:4683572	0	0.99	314
	chr7:12269593	rs13237518	7	12269593	C	A	0.586	-0.029	0.005	7.73E-10	1042540	0	-	chr7:12269593	1	1.00	0
	chr7:15926228	rs38221	7	15926228	C	T	0.740	-0.033	0.005	6.62E-10	1042540	0	-	chr7:15926228	1	1.00	0
	chr7:18331915	rs583769	7	18331915	G	A	0.749	-0.031	0.005	2.69E-09	1042540	1	-	chr7:18331915	1	1.00	0
	chr7:40816653	rs17439448	7	40816653	C	T	0.879	-0.040	0.007	2.98E-08	1042540	0	-	chr7:40816653	1	1.00	0
	chr7:48839003	rs12539264	7	48839003	G	A	0.282	0.029	0.005	6.62E-09	1042540	0	-	chr7:48839003	1	1.00	0
	chr7:50581972	rs2876826	7	50581972	G	A	0.215	0.031	0.006	3.33E-08	1042540	3	-	chr7:50577968	0	0.72	4004
	chr7:74108135	rs67755137	7	74108135	G	A	0.810	-0.033	0.006	2.24E-08	1041150	0	-	chr7:74076493	0	0.34	31642
	chr7:89880949	rs10240790	7	89880949	G	A	0.704	0.028	0.005	4.69E-08	1042540	0	-	chr7:89803634	0	0.35	77315
	chr7:100312724	rs534043	7	100312724	G	A	0.874	0.045	0.007	8.03E-10	1042540	1	-	chr7:100313420	0	1.00	696
	chr8:12643055	rs12056338	8	12643055	G	T	0.586	-0.031	0.005	2.88E-11	1042540	0	-	chr8:12643055	1	1.00	0
	chr8:14124809	rs17294565	8	14124809	C	A	0.381	0.027	0.005	4.74E-09	1042540	0	-	chr8:14148990	0	0.96	24181
	chr8:22477778	rs1059592	8	22477778	G	A	0.646	-0.027	0.005	2.40E-08	1042540	0	-	chr8:22492103	0	0.97	14325
	chr8:25872634	rs17818197	8	25872634	G	A	0.212	0.035	0.006	5.00E-10	1042540	1	-	chr8:25871721	0	0.83	913
	chr8:57483013	rs62515938	8	57483013	C	T	0.740	-0.029	0.005	2.97E-08	1042540	0	-	chr8:57496064	0	1.00	13051
	chr8:105661926	rs34340810	8	105661926	G	C	0.927	0.054	0.009	4.08E-10	1042540	1	-	chr8:105662373	0	0.98	447
	chr8:116639474	rs2737226	8	116639474	C	T	0.611	-0.038	0.005	2.52E-16	1042540	0	-	chr8:116565365	0	0.61	74109
	chr9:1039939	rs756145	9	1039939	G	A	0.691	-0.029	0.005	5.52E-09	1042540	0	-	chr9:1033773	0	0.97	6166
	chr9:23362311	rs11793831	9	23362311	G	T	0.595	-0.027	0.005	4.21E-09	1042540	0	-	chr9:23358495	0	1.00	3816
	chr9:85318704	rs555784	9	85318704	T	A	0.616	0.030	0.005	1.70E-10	1042540	1	-	chr9:85312075	0	0.98	6629
	chr9:111936128	rs7858727	9	111936128	C	A	0.223	0.034	0.006	8.33E-10	1042540	0	-	chr9:111938268	0	1.00	2140
	chr9:116943357	rs1431819	9	116943357	G	A	0.689	0.029	0.005	6.33E-09	1042540	1	-	chr9:116943357	1	1.00	0
	chr9:125975397	rs7026688	9	125975397	G	A	0.863	0.044	0.007	3.40E-11	1042540	0	-	chr9:125689694	0	0.86	285703
	chr9:136885979	rs448918	9	136885979	G	A	0.713	-0.033	0.005	1.11E-09	1042540	0	-	chr9:136890704	0	0.99	4725
	chr10:13566204	rs878017	10	13566204	G	A	0.459	-0.035	0.006	1.13E-08	845270	0	-	chr10:13540869	0	0.43	25335
	chr10:34018730	rs36051838	10	34018730	C	T	0.089	0.044	0.008	4.54E-08	1042540	0	-	chr10:33997227	0	0.95	21503
	chr10:65305252	rs12263348	10	65305252	C	T	0.662	-0.028	0.005	7.77E-09	1042540	0	-	chr10:65305125	0	0.81	127
	chr10:70342775	rs10998304	10	70342775	C	T	0.452	0.031	0.005	1.77E-11	1042540	0	-	chr10:70382179	0	0.91	39404
	chr10:72648336	rs827237	10	72648336	C	T	0.795	-0.037	0.006	3.56E-10	1042540	0	-	chr10:72648336	1	1.00	0
	chr10:88124501	rs11201999	10	88124501	C	T	0.537	0.026	0.005	1.25E-08	1042540	0	-	chr10:88117318	0	1.00	7183
	chr10:99059645	rs10882891	10	99059645	C	A	0.415	0.031	0.005	1.68E-11	1042540	1	-	chr10:99091369	0	0.98	31724
	chr10:104548393	rs2250301	10	104548393	G	A	0.748	0.032	0.005	1.27E-09	1042540	0	-	chr10:104563743	0	0.98	15350
	chr10:112647195	rs10787287	10	112647195	C	T	0.241	-0.036	0.006	6.56E-11	1042540	1	-	chr10:112678657	0	0.84	31462
	chr11:8654528	rs10769936	11	8654528	C	T	0.707	0.035	0.005	6.29E-12	1042540	0	-	chr11:8677063	0	0.99	22535
	chr11:9852475	rs2403221	11	9852475	G	A	0.343	-0.032	0.005	5.60E-11	1042540	0	-	chr11:9856015	0	0.06	3540
	chr11:55588216	rs116861182	11	55588216	C	A	0.055	0.064	0.011	5.90E-09	1039830	0	-	chr11:55588216	1	1.00	0
	chr11:61565908	rs174541	11	61565908	C	T	0.354	-0.029	0.005	8.63E-10	1042540	0	-	chr11:61565908	1	1.00	0
	chr11:64031241	rs35169799	11	64031241	C	T	0.934	-0.050	0.009	4.79E-08	1041150	0	-	chr11:64100776	0	0.12	69535
	chr11:76505202	rs10899283	11	76505202	C	T	0.771	0.031	0.006	1.46E-08	1042540	0	-	chr11:76230357	0	-	274845
	chr12:6681786	rs67013744	12	6681786	G	A	0.160	0.035	0.006	4.11E-08	1042540	1	-	chr12:6691452	0	1.00	9666
	chr12:21781246	rs10841868	12	21781246	G	T	0.739	0.032	0.005	1.65E-09	1042540	1	-	chr12:21843576	0	0.80	62330
	chr12:33410780	rs10844518	12	33410780	G	A	0.287	0.033	0.005	8.80E-11	1042540	2	-	chr12:33410855	0	1.00	75
	chr12:41838235	rs2733289	12	41838235	C	T	0.478	0.030	0.005	3.98E-11	1042540	1	-	chr12:41863393	0	0.93	25158
	chr12:43046449	rs11181613	12	43046449	C	A	0.855	0.043	0.007	1.37E-10	1042540	1	-	chr12:43046449	1	1.00	0
	chr12:48736303	rs2732480	12	48736303	C	A	0.565	0.034	0.005	3.05E-13	1042540	0	-	chr12:48712932	0	1.00	23371
	chr12:50263148	rs7132908	12	50263148	G	A	0.610	-0.033	0.005	1.41E-12	1042540	0	-	chr12:50263148	1	1.00	0
	chr12:54541750	rs1872635	12	54541750	G	A	0.314	-0.028	0.005	1.28E-08	1042540	0	-	chr12:54429385	0	0.14	112365
	chr12:132544694	rs11830243	12	132544694	C	T	0.887	-0.044	0.007	2.10E-09	1042540	0	-	chr12:132544643	0	0.71	51
	chr12:133777466	rs12305809	12	133777466	G	A	0.607	0.033	0.005	1.45E-12	1042540	0	-	chr12:133730500	0	0.81	46966
	chr13:23309382	rs314879	13	23309382	C	T	0.226	0.039	0.006	5.74E-12	1042540	1	-	chr13:23309382	1	1.00	0
	chr13:41688401	rs4397977	13	41688401	G	A	0.657	-0.029	0.005	3.05E-09	1042540	0	-	chr13:41688401	1	1.00	0
	chr14:29744532	rs8005994	14	29744532	G	A	0.346	-0.027	0.005	4.52E-08	1042540	1	-	chr14:29726942	0	0.99	17590
	chr14:35390146	rs799661	14	35390146	C	T	0.871	0.043	0.007	7.11E-09	1042540	0	-	chr14:35409701	0	0.63	19555
	chr14:47313541	rs2933211	14	47313541	G	A	0.499	-0.027	0.005	6.24E-09	1042540	0	-	chr14:47304091	0	0.97	9450
	chr14:58797953	rs10137475	14	58797953	G	A	0.426	0.026	0.005	4.43E-08	1042540	0	-	chr14:58732748	0	0.94	65205
	chr14:69526307	rs4899280	14	69526307	C	T	0.670	-0.028	0.005	1.02E-08	1042540	0	-	chr14:69459229	0	0.33	67078
	chr14:74948180	rs8008540	14	74948180	C	T	0.569	0.030	0.005	7.99E-11	1042540	0	-	chr14:74932641	0	0.96	15539
	chr14:77300863	rs2056857	14	77300863	C	T	0.594	0.026	0.005	2.59E-08	1042540	0	-	chr14:77300863	1	1.00	0
	chr14:101255172	rs73347525	14	101255172	G	A	0.190	-0.049	0.008	7.36E-09	842557	1	-	chr14:101258584	0	0.25	3412
	chr15:39639171	rs11639470	15	39639171	G	C	0.453	-0.027	0.005	1.34E-08	1042540	0	-	chr15:39712286	0	-	73115
	chr15:52588722	rs74804697	15	52588722	G	C	0.043	-0.084	0.012	4.68E-12	1041220	0	-	chr15:52587740	0	0.87	982
	chr15:74331659	rs12917449	15	74331659	C	A	0.197	0.036	0.006	4.71E-10	1042540	0	-	chr15:74328576	0	0.21	3083
	chr15:83461873	rs36111056	15	83461873	G	A	0.780	0.034	0.006	1.97E-09	1042540	0	-	chr15:83461873	1	1.00	0
	chr16:968292	rs4984980	16	968292	G	A	0.812	-0.035	0.006	3.79E-09	1042540	0	-	chr16:967241	0	0.93	1051
	chr16:15153717	rs9927842	16	15153717	C	T	0.838	-0.038	0.007	6.84E-09	1042540	0	-	chr16:15153717	1	1.00	0
	chr16:85716463	rs11646052	16	85716463	G	A	0.392	0.026	0.005	2.61E-08	1042540	0	-	chr16:85716463	1	1.00	0
	chr16:88132199	rs11117364	16	88132199	G	A	0.666	0.029	0.005	7.71E-09	1042540	1	-	chr16:88138237	0	0.62	6038
	chr17:481604	rs11870735	17	481604	C	T	0.818	-0.034	0.006	1.68E-08	1042540	0	-	chr17:481604	1	1.00	0
	chr17:4839149	rs2243102	17	4839149	C	T	0.422	0.026	0.005	4.94E-08	1042540	0	-	chr17:4854480	0	0.95	15331
	chr17:27566326	rs7220340	17	27566326	G	A	0.545	-0.027	0.005	4.00E-09	1042540	1	-	chr17:27570622	0	0.84	4296
	chr17:34842521	rs4796224	17	34842521	G	A	0.474	0.025	0.005	2.71E-08	1042540	1	-	chr17:34862220	0	0.99	19699
	chr17:37746307	rs11078916	17	37746307	C	T	0.704	-0.037	0.005	4.84E-13	1042540	0	-	chr17:37746307	1	1.00	0
	chr17:70645032	rs61736066	17	70645032	G	A	0.917	0.051	0.009	2.08E-09	1042540	0	-	chr17:70645032	1	1.00	0
	chr17:76762039	rs62075585	17	76762039	G	A	0.474	0.030	0.005	1.25E-10	1042540	0	-	chr17:76772288	0	0.99	10249
	chr18:21083738	rs303760	18	21083738	C	T	0.652	-0.034	0.005	1.48E-12	1042540	0	-	chr18:21083738	1	1.00	0
	chr18:40063830	rs346240	18	40063830	G	A	0.223	0.031	0.006	3.62E-08	1042540	0	-	chr18:40066006	0	0.98	2176
	chr18:74582340	rs2658746	18	74582340	C	T	0.390	0.030	0.005	9.89E-11	1042540	0	-	chr18:74558999	0	0.95	23341
	chr19:1224286	rs35004890	19	1224286	G	T	0.779	-0.036	0.006	8.57E-10	1039830	1	-	chr19:1646712	0	-	422426
	chr19:18834514	rs10404726	19	18834514	C	T	0.531	0.028	0.005	2.73E-09	1042540	3	-	chr19:18834514	1	1.00	0
	chr19:31835516	rs4805681	19	31835516	C	T	0.610	0.027	0.005	1.32E-08	1042540	0	-	chr19:31865946	0	0.88	30430
	chr20:39832628	rs17265513	20	39832628	C	T	0.198	0.033	0.006	1.13E-08	1042540	1	-	chr20:39832628	1	1.00	0
	chr20:42310811	rs419842	20	42310811	T	A	0.821	0.041	0.006	7.17E-11	1042540	0	-	chr20:42230695	0	0.68	80116
	chr20:61277014	rs1815591	20	61277014	T	A	0.602	-0.034	0.005	5.50E-12	1042540	0	-	chr20:61277014	1	1.00	0
	chr22:29805444	rs75401573	22	29805444	C	T	0.924	0.051	0.009	6.47E-09	1042540	1	-	chr22:29369398	0	-	436046
	chr22:38572526	rs133015	22	38572526	G	C	0.440	-0.029	0.005	5.18E-10	1042540	0	-	chr22:38599767	0	0.90	27241
3. established T2D variants	chr1:39820310	rs61779275	1	39820310	C	T	0.780	-0.075	0.006	3.35E-43	1042540	1	chr1:39913351	chr1:39855177	0	1.00	34867
	chr1:51438365	rs3176466	1	51438365	C	T	0.903	0.064	0.008	9.36E-16	1042540	0	chr1:51103268	chr1:51209148	0	0.97	229217
	chr1:117532790	rs1127215	1	117532790	C	T	0.585	0.043	0.005	1.93E-20	1042540	0	chr1:117530507	chr1:117532790	1	1.00	0
	chr1:120526982	rs1493694	1	120526982	C	T	0.893	-0.071	0.007	6.51E-22	1042540	0	chr1:120471224	chr1:120499573	0	0.94	27409
	chr1:151017991	rs145904381	1	151017991	C	T	0.010	-0.174	0.023	4.31E-14	1036790	0	chr1:150786038	chr1:151017991	1	1.00	0
	chr1:154294260	rs1194606	1	154294260	C	T	0.233	0.030	0.006	3.41E-08	1042540	0	chr1:154309595	chr1:154324384	0	0.26	30124
	chr1:177899121	rs545608	1	177899121	G	C	0.802	-0.036	0.006	6.50E-10	1042540	0	chr1:177889025	chr1:177889025	0	0.99	10096
	chr1:205114873	rs12048743	1	205114873	G	C	0.440	0.032	0.005	2.11E-12	1042540	0	chr1:205114873	chr1:205044339	0	0.88	70534
	chr1:206618799	rs2336938	1	206618799	C	A	0.516	-0.030	0.005	9.54E-11	1042540	0	chr1:206593900	chr1:206621028	0	0.99	2229
	chr1:214159256	rs340874	1	214159256	C	T	0.553	0.067	0.005	5.37E-48	1042540	3	chr1:214175531	chr1:214159256	1	1.00	0
	chr1:219741820	rs2820444	1	219741820	G	A	0.713	0.047	0.005	8.66E-21	1042540	0	chr1:219584164	chr1:219748818	0	1.00	6998
	chr1:229672955	rs348330	1	229672955	G	A	0.369	0.053	0.007	6.50E-16	845270	0	chr1:229672955	chr1:229672955	1	1.00	0
	chr1:235542023	rs10737818	1	235542023	G	A	0.639	0.040	0.006	7.26E-10	845270	0	chr1:235690800	chr1:235542023	1	1.00	0
	chr2:653874	rs10188334	2	653874	C	T	0.828	0.050	0.006	7.76E-16	1042540	0	chr2:653575	chr2:653874	1	1.00	0
	chr2:16574669	rs11680058	2	16574669	G	A	0.162	-0.056	0.010	1.23E-08	843878	0	chr2:16574669	chr2:16238001	0	-	336668
	chr2:25635771	rs34845373	2	25635771	G	A	0.271	-0.037	0.005	1.18E-12	1035400	1	chr2:25643221	chr2:25635771	1	1.00	0
	chr2:27730940	rs1260326	2	27730940	C	T	0.595	0.064	0.005	2.55E-42	1035400	0	chr2:27734972	chr2:27730940	1	1.00	0
	chr2:43671176	rs13414140	2	43671176	C	T	0.886	0.118	0.007	4.31E-60	1042540	2	chr2:43629931	chr2:43611883	0	0.80	59293
	chr2:59311536	rs980183	2	59311536	G	A	0.394	0.036	0.005	1.02E-14	1042540	0	chr2:58981064	chr2:59307725	0	0.99	3811
	chr2:60586707	rs243018	2	60586707	G	C	0.463	0.056	0.005	1.52E-33	1042540	0	chr2:60583665	chr2:60586707	1	1.00	0
	chr2:65284231	rs2540949	2	65284231	T	A	0.384	-0.050	0.005	9.19E-26	1042540	3	chr2:65655012	chr2:65279414	0	0.99	4817
	chr2:111888043	rs72836348	2	111888043	G	A	0.892	0.056	0.008	3.20E-13	1042540	0	chr2:111934977	chr2:111887754	0	1.00	289
	chr2:121325908	rs9784137	2	121325908	G	A	0.849	0.061	0.007	5.25E-21	1042540	0	chr2:121378852	chr2:121337196	0	0.92	11288
	chr2:147920213	rs7559658	2	147920213	C	T	0.190	0.034	0.006	3.17E-09	1042540	1	chr2:147861633	-	-	-	-
	chr2:158335340	rs7568172	2	158335340	G	A	0.940	0.067	0.010	2.64E-12	1042540	1	chr2:158339550	chr2:158390468	0	0.88	55128
	chr2:161145612	rs6432613	2	161145612	G	A	0.724	0.039	0.005	6.73E-14	1042540	2	chr2:161136656	chr2:161333872	0	0.40	188260
	chr2:165528876	rs13389219	2	165528876	C	T	0.603	0.065	0.005	7.35E-44	1042540	3	chr2:165573194	chr2:165508389	0	0.94	20487
	chr2:227101309	rs2972145	2	227101309	C	T	0.635	0.090	0.005	7.45E-80	1042540	1	chr2:227101411	chr2:227105921	0	0.98	4612
	chr2:228973660	rs7561798	2	228973660	G	A	0.485	0.028	0.005	1.16E-09	1042540	0	chr2:228973660	chr2:228971884	0	0.56	1776
	chr2:234324192	rs838735	2	234324192	G	C	0.616	-0.029	0.005	3.64E-10	1042540	0	chr2:234303281	chr2:234303281	0	0.92	20911
	chr3:12329783	rs17036160	3	12329783	C	T	0.880	0.103	0.007	3.04E-47	1042540	1	chr3:12498401	chr3:12329783	1	1.00	0
	chr3:23455582	rs35352848	3	23455582	C	T	0.207	-0.062	0.006	7.37E-28	1042540	1	chr3:23629917	chr3:23457080	0	1.00	1498
	chr3:47693664	rs62262091	3	47693664	C	T	0.911	-0.056	0.009	1.14E-10	1039830	0	chr3:47242923	chr3:47693664	1	1.00	0
	chr3:49980596	rs4688760	3	49980596	C	T	0.326	-0.034	0.005	1.10E-11	1042540	0	chr3:49980596	chr3:49995518	0	0.45	14922
	chr3:53127677	rs2581787	3	53127677	G	T	0.442	-0.025	0.005	3.14E-08	1042540	0	chr3:53127677	chr3:53125429	0	0.57	2248
	chr3:54828827	rs76263492	3	54828827	G	T	0.957	-0.068	0.012	1.64E-08	1041220	1	chr3:54828827	chr3:54828827	1	1.00	0
	chr3:63897215	rs2292662	3	63897215	C	T	0.844	0.056	0.007	7.64E-18	1042540	0	chr3:63897915	chr3:63948566	0	0.64	51351
	chr3:64708114	rs4132228	3	64708114	C	T	0.703	0.047	0.005	6.22E-21	1042540	0	chr3:64460694	chr3:64703394	0	0.93	4720
	chr3:72813582	rs11922794	3	72813582	G	C	0.749	-0.030	0.005	1.46E-08	1042540	0	chr3:72865183	chr3:72803590	0	0.99	9992
	chr3:123065778	rs11708067	3	123065778	G	A	0.229	-0.078	0.006	1.50E-46	1042540	0	chr3:123082398	chr3:123065778	1	1.00	0
	chr3:124921457	rs9873519	3	124921457	C	T	0.466	-0.038	0.005	3.58E-16	1042540	0	chr3:124926637	chr3:124921457	1	1.00	0
	chr3:129333182	rs9828772	3	129333182	G	C	0.101	-0.052	0.008	2.70E-11	1042540	0	chr3:129470067	chr3:129293256	0	0.12	39926
	chr3:150066540	rs62271373	3	150066540	T	A	0.944	-0.069	0.010	4.45E-11	1042540	0	chr3:150097635	chr3:150066540	1	1.00	0
	chr3:152451616	rs74672008	3	152451616	G	A	0.960	0.080	0.012	1.38E-11	1041220	2	chr3:152433628	chr3:152450489	0	1.00	1127
	chr3:168225055	rs1449348	3	168225055	C	T	0.859	0.045	0.007	6.64E-12	1042540	0	chr3:168218841	chr3:168226052	0	0.99	997
	chr3:170733076	rs9873618	3	170733076	G	A	0.709	0.058	0.005	2.41E-30	1042540	1	chr3:170766618	chr3:170724883	0	0.95	8193
	chr3:183738626	rs2313211	3	183738626	T	A	0.448	0.029	0.005	4.06E-10	1042540	0	chr3:183738460	chr3:183738460	0	1.00	166
	chr3:185520948	rs9854769	3	185520948	G	A	0.319	0.108	0.005	1.06E-107	1042540	2	chr3:185829891	chr3:185534482	0	0.99	13534
	chr3:186665645	rs3887925	3	186665645	C	T	0.455	-0.042	0.005	6.53E-20	1042540	1	chr3:186675277	chr3:186665645	1	1.00	0
	chr3:187741842	rs6777684	3	187741842	G	A	0.608	0.057	0.005	3.77E-33	1042540	0	chr3:187740899	chr3:187741842	1	1.00	0
	chr4:744972	rs1531583	4	744972	G	T	0.955	-0.099	0.011	7.06E-19	1039830	1	chr4:1010077	chr4:720681	0	0.88	24291
	chr4:1267203	rs72501964	4	1267203	G	T	0.961	0.083	0.013	2.09E-10	1041220	0	chr4:1010077	chr4:1240299	0	0.98	26904
	chr4:1784403	rs56337234	4	1784403	C	T	0.505	0.041	0.005	1.88E-18	1039830	0	chr4:1787397	chr4:1784403	1	1.00	0
	chr4:3241845	rs362307	4	3241845	C	T	0.925	-0.050	0.009	3.77E-08	1042540	0	chr4:3241845	chr4:3241845	1	1.00	0
	chr4:6306763	rs10937721	4	6306763	G	C	0.412	-0.084	0.005	6.31E-70	1042540	0	chr4:6302519	chr4:6306763	1	1.00	0
	chr4:18025484	rs2011603	4	18025484	G	A	0.275	-0.038	0.005	1.59E-13	1042540	2	chr4:17792869	chr4:18044357	0	0.37	18873
	chr4:45186139	rs10938398	4	45186139	G	A	0.569	-0.043	0.005	3.91E-20	1042540	0	chr4:45186139	chr4:45186139	1	1.00	0
	chr4:53207093	rs114447556	4	53207093	C	T	0.917	-0.058	0.009	7.79E-11	1042540	0	chr4:53207093	chr4:52798624	0	-	408469
	chr4:83587562	rs10471048	4	83587562	G	C	0.349	0.034	0.005	2.31E-12	1042540	0	chr4:83584496	chr4:83584496	0	0.98	3066
	chr4:85384069	rs987949	4	85384069	G	A	0.961	-0.153	0.026	6.23E-09	1034080	0	chr4:85301870	chr4:85391794	0	0.94	7725
	chr4:89751858	rs7660000	4	89751858	C	T	0.713	0.031	0.005	1.29E-09	1042540	0	chr4:89857291	chr4:89713121	0	0.06	38737
	chr4:95091911	rs6821438	4	95091911	G	A	0.469	-0.029	0.005	3.66E-10	1042540	0	chr4:95091911	chr4:95114572	0	1.00	22661
	chr4:103932556	rs7695096	4	103932556	C	T	0.521	0.038	0.005	1.27E-16	1042540	1	chr4:104140848	chr4:103895317	0	0.99	37239
	chr4:137094048	rs1724557	4	137094048	C	A	0.418	0.025	0.005	4.73E-08	1042540	0	chr4:137083193	-	-	-	-
	chr4:153504295	rs6819331	4	153504295	C	T	0.680	0.040	0.005	2.21E-16	1042540	1	chr4:153520279	chr4:153520475	0	0.80	16180
	chr4:157652753	rs28819812	4	157652753	C	A	0.675	0.038	0.005	3.36E-14	1042540	0	chr4:157652753	chr4:157652753	1	1.00	0
	chr4:185713608	rs72695645	4	185713608	G	A	0.860	0.061	0.007	8.66E-20	1042540	0	chr4:185716232	chr4:185716100	0	0.98	2492
	chr5:14751305	rs146886108	5	14751305	C	T	0.994	0.390	0.033	1.93E-31	1023280	4	chr5:14768766	chr5:14751305	1	1.00	0
	chr5:44680687	rs13155752	5	44680687	C	A	0.397	0.032	0.005	1.12E-11	1042540	0	chr5:44534364	chr5:44644006	0	0.97	36681
	chr5:50145266	rs152839	5	50145266	C	T	0.576	0.026	0.005	1.25E-08	1042540	1	chr5:50223110	chr5:50145266	1	1.00	0
	chr5:51763665	rs12187734	5	51763665	C	T	0.523	0.029	0.005	2.24E-10	1042540	2	chr5:51791225	chr5:51763665	1	1.00	0
	chr5:53272664	rs4865796	5	53272664	G	A	0.318	-0.047	0.005	4.64E-21	1042540	0	chr5:53412620	chr5:53272664	1	1.00	0
	chr5:55810305	rs256904	5	55810305	T	A	0.730	0.069	0.005	2.55E-39	1042540	3	chr5:55860781	chr5:55807370	0	0.99	2935
	chr5:67714246	rs4976033	5	67714246	G	A	0.411	0.028	0.005	1.93E-09	1042540	0	chr5:67714246	chr5:67714246	1	1.00	0
	chr5:74955841	rs253412	5	74955841	G	A	0.348	-0.046	0.005	2.77E-21	1042540	0	chr5:75003678	chr5:74934009	0	0.68	21832
	chr5:76427311	rs6878122	5	76427311	G	A	0.311	0.055	0.005	4.60E-29	1039830	0	chr5:76442964	chr5:76435004	0	0.98	7693
	chr5:78436905	rs12519500	5	78436905	C	A	0.654	0.038	0.005	1.76E-15	1042540	0	chr5:78430607	chr5:78546293	0	0.76	109388
	chr5:86577352	rs7719891	5	86577352	G	A	0.261	0.040	0.007	8.96E-09	845270	0	chr5:86577352	-	-	-	-
	chr5:102586407	rs75432112	5	102586407	G	A	0.952	-0.134	0.011	5.34E-36	1039830	1	chr5:102338739	chr5:102586407	1	1.00	0
	chr5:133864599	rs329122	5	133864599	G	A	0.573	-0.026	0.005	1.25E-08	1042540	1	chr5:133414622	chr5:133861663	0	1.00	2936
	chr5:158026744	rs890940	5	158026744	C	T	0.789	-0.048	0.006	9.78E-18	1042540	1	chr5:157928196	chr5:158029734	0	0.97	2990
	chr6:7231843	rs9379084	6	7231843	G	A	0.880	0.075	0.008	3.70E-22	1039830	1	chr6:7255650	chr6:7231843	1	1.00	0
	chr6:20679709	rs7756992	6	20679709	G	A	0.271	0.122	0.005	5.52E-128	1042540	3	chr6:20675792	chr6:20688121	0	0.94	8412
	chr6:31264461	rs3094682	6	31264461	C	A	0.806	0.060	0.006	2.37E-23	1039830	2	chr6:31232543	chr6:31134888	0	0.43	129573
	chr6:32654714	rs9275184	6	32654714	C	T	0.111	0.098	0.010	5.59E-24	842557	0	chr6:32781112	chr6:32571961	0	0.60	82753
	chr6:39016636	rs10305420	6	39016636	C	T	0.616	0.032	0.005	2.69E-11	1042540	2	chr6:39282371	chr6:39282371	0	-	265735
	chr6:40409243	rs34298980	6	40409243	C	T	0.500	-0.038	0.007	4.20E-09	838130	1	chr6:40409243	chr6:40409243	1	1.00	0
	chr6:43760327	rs11967262	6	43760327	G	C	0.488	0.037	0.005	2.23E-15	1042540	2	chr6:43760327	chr6:43813711	0	-	53384
	chr6:50788778	rs3798519	6	50788778	C	A	0.180	0.050	0.006	5.49E-17	1042540	0	chr6:51180765	chr6:50788778	1	1.00	0
	chr6:51505337	rs1819564	6	51505337	T	A	0.973	-0.076	0.014	3.85E-08	1041220	2	chr6:51180765	chr6:51413013	0	0.85	92324
	chr6:107427166	rs60519666	6	107427166	G	A	0.677	0.035	0.005	3.19E-12	1042540	0	chr6:107431688	chr6:107445266	0	0.98	18100
	chr6:118011723	rs72951506	6	118011723	C	T	0.852	0.042	0.007	9.22E-11	1042540	1	chr6:117996631	chr6:117996631	0	0.93	15092
	chr6:126792095	rs11759026	6	126792095	G	A	0.231	0.065	0.007	6.68E-19	845270	0	chr6:127068983	chr6:126792095	1	1.00	0
	chr6:127401978	rs12194820	6	127401978	T	A	0.235	-0.046	0.006	9.19E-17	1042540	0	chr6:127068983	chr6:127412728	0	1.00	10750
	chr6:131954797	rs7739842	6	131954797	G	T	0.194	0.033	0.006	1.98E-08	1042540	0	chr6:131898208	chr6:131926334	0	0.70	28463
	chr6:137302159	rs1573090	6	137302159	G	T	0.465	-0.045	0.005	3.88E-22	1042540	0	chr6:137293227	chr6:137295352	0	0.95	6807
	chr6:139837128	rs11155073	6	139837128	C	T	0.579	-0.030	0.005	4.43E-11	1042540	2	chr6:140249466	chr6:139837128	1	1.00	0
	chr6:160776017	rs543159	6	160776017	C	A	0.520	0.032	0.005	1.29E-12	1042540	1	chr6:160770312	chr6:160770918	0	0.93	5099
	chr6:164133001	rs4709746	6	164133001	C	T	0.869	0.058	0.007	1.03E-16	1042540	0	chr6:164133001	chr6:164133001	1	1.00	0
	chr7:13900325	rs1122518	7	13900325	C	T	0.473	0.026	0.005	1.25E-08	1042540	1	chr7:13888699	chr7:13886654	0	0.72	13671
	chr7:15064309	rs2191349	7	15064309	G	T	0.461	-0.066	0.005	6.41E-48	1042540	2	chr7:15060429	chr7:15064190	0	1.00	119
	chr7:23440057	rs75693095	7	23440057	G	C	0.979	-0.112	0.017	1.42E-11	1039830	0	chr7:23434606	chr7:23432286	0	0.07	7771
	chr7:28200097	rs1513272	7	28200097	C	T	0.509	0.081	0.005	3.97E-71	1042540	0	chr7:28198677	chr7:28194397	0	0.99	5700
	chr7:30728452	rs917195	7	30728452	C	T	0.769	0.047	0.006	2.71E-17	1042540	0	chr7:30728452	chr7:30728452	1	1.00	0
	chr7:44234737	rs2908286	7	44234737	C	T	0.829	-0.068	0.006	2.64E-29	1042540	2	chr7:44266184	chr7:44223721	0	0.97	11016
	chr7:69782073	rs2103132	7	69782073	G	C	0.749	-0.032	0.005	1.88E-09	1042540	1	chr7:69406661	chr7:69649683	0	0.88	132390
	chr7:102800137	rs1968204	7	102800137	C	T	0.893	-0.057	0.008	1.08E-12	1042540	0	chr7:102987583	chr7:102976385	0	0.23	176248
	chr7:103444978	rs39328	7	103444978	C	T	0.573	-0.028	0.005	3.29E-09	1042540	1	chr7:102987583	chr7:103418846	0	0.98	26132
	chr7:117495667	rs6976111	7	117495667	C	A	0.693	-0.032	0.005	7.93E-10	1042540	0	chr7:117510621	chr7:117495667	1	1.00	0
	chr7:130457931	rs1562398	7	130457931	G	C	0.417	0.041	0.005	1.99E-18	1042540	1	chr7:130027037	chr7:130427057	0	0.66	30874
	chr7:150537635	rs62492368	7	150537635	G	A	0.685	-0.034	0.005	6.38E-12	1042540	1	chr7:150537635	chr7:150537635	1	1.00	0
	chr7:156930550	rs6459733	7	156930550	G	C	0.666	0.051	0.005	9.66E-25	1042540	0	chr7:156793450	chr7:156948648	0	0.95	18098
	chr8:9996389	rs34990153	8	9996389	G	A	0.439	-0.038	0.005	1.99E-16	1042540	1	chr8:10633159	chr8:9974584	0	0.79	21805
	chr8:11069960	rs2409742	8	11069960	C	T	0.507	0.036	0.005	7.34E-15	1042540	0	chr8:10633159	chr8:11069960	1	1.00	0
	chr8:19843171	rs17091891	8	19843171	C	T	0.123	-0.042	0.007	2.56E-09	1042540	0	chr8:19852310	chr8:19830921	0	0.93	12250
	chr8:30854033	rs2725371	8	30854033	G	A	0.690	-0.037	0.005	2.14E-13	1042540	0	chr8:30835535	chr8:30852826	0	1.00	1207
	chr8:41508577	rs13262861	8	41508577	C	A	0.824	0.102	0.006	2.84E-59	1042540	1	chr8:41537318	chr8:41508577	1	1.00	0
	chr8:95961626	rs10097617	8	95961626	C	T	0.520	-0.037	0.005	1.93E-16	1042540	1	chr8:96092422	chr8:95967372	0	1.00	5746
	chr8:97737741	rs149364428	8	97737741	G	A	0.991	-0.224	0.031	5.65E-13	1023280	0	chr8:97737741	chr8:97724430	0	0.79	13311
	chr8:110140564	rs4734193	8	110140564	C	A	0.532	0.034	0.006	3.70E-08	845270	0	chr8:110123183	-	-	-	-
	chr8:118185733	rs11558471	8	118185733	G	A	0.316	-0.103	0.005	3.98E-98	1042540	0	chr8:118024315	chr8:118184783	0	0.95	950
	chr8:128711742	rs17772814	8	128711742	G	A	0.915	0.075	0.013	3.44E-09	842557	0	chr8:128711742	chr8:128711742	1	1.00	0
	chr8:129568078	rs1561927	8	129568078	C	T	0.282	0.035	0.005	8.61E-12	1042540	0	chr8:129568078	chr8:129568078	1	1.00	0
	chr8:145551199	rs3757969	8	145551199	G	C	0.376	0.048	0.005	3.60E-22	1035400	0	chr8:145879883	chr8:145525277	0	0.92	25922
	chr9:4291928	rs10974438	9	4291928	C	A	0.356	0.047	0.005	8.99E-23	1042540	1	chr9:4243045	chr9:4290085	0	0.67	1843
	chr9:19080352	rs10963942	9	19080352	G	A	0.397	0.037	0.005	4.49E-15	1042540	1	chr9:19067833	chr9:19074538	0	0.99	5814
	chr9:20241069	rs7867635	9	20241069	C	T	0.411	0.037	0.006	4.21E-09	845270	1	chr9:20662703	-	-	-	-
	chr9:22134094	rs10811661	9	22134094	C	T	0.172	-0.138	0.006	8.14E-112	1042540	2	chr9:22019673	chr9:22134094	1	1.00	0
	chr9:28410683	rs1412234	9	28410683	C	T	0.319	0.044	0.005	4.00E-19	1042540	1	chr9:28410683	chr9:28410683	1	1.00	0
	chr9:34074476	rs12001437	9	34074476	C	T	0.373	0.034	0.005	6.27E-13	1042540	0	chr9:34025640	chr9:34074476	1	1.00	0
	chr9:81344701	rs1929883	9	81344701	G	A	0.580	0.039	0.006	4.84E-10	845270	0	chr9:81359113	chr9:81344701	1	1.00	0
	chr9:81905590	rs17791513	9	81905590	G	A	0.066	-0.069	0.010	2.17E-12	1042540	0	chr9:81898980	chr9:81907986	0	0.92	2396
	chr9:84308948	rs2796441	9	84308948	G	A	0.591	0.059	0.005	9.96E-37	1042540	1	chr9:84312668	chr9:84308948	1	1.00	0
	chr9:96943059	rs10821311	9	96943059	G	A	0.681	-0.036	0.005	4.00E-13	1042540	2	chr9:96919182	chr9:96915002	0	1.00	28057
	chr9:97804641	rs7046845	9	97804641	C	A	0.090	-0.047	0.008	2.26E-08	1042540	1	chr9:97497494	chr9:97795421	0	0.75	9220
	chr9:136145240	rs495203	9	136145240	C	T	0.665	-0.049	0.005	1.03E-24	1042540	2	chr9:136137065	chr9:136149500	0	0.97	4260
	chr9:139243334	rs28429551	9	139243334	T	A	0.260	-0.073	0.006	9.51E-40	1039830	1	chr9:139737088	chr9:139248082	0	0.97	4748
	chr10:12307894	rs11257655	10	12307894	C	T	0.781	-0.091	0.007	7.25E-35	845270	1	chr10:12597881	chr10:12307894	1	1.00	0
	chr10:71321279	rs177045	10	71321279	G	A	0.324	0.039	0.005	2.30E-15	1042540	2	chr10:71347311	chr10:71321279	1	1.00	0
	chr10:75599127	rs2675662	10	75599127	G	A	0.436	-0.027	0.005	8.30E-09	1042540	0	chr10:75594050	chr10:75598099	0	1.00	1028
	chr10:77647107	rs7099048	10	77647107	G	A	0.496	-0.028	0.005	8.93E-10	1042540	0	chr10:77314617	chr10:77559168	0	0.82	87939
	chr10:80942855	rs703981	10	80942855	G	C	0.544	0.061	0.005	2.13E-40	1042540	0	chr10:81096589	chr10:80947438	0	0.99	4583
	chr10:89768584	rs10788575	10	89768584	G	A	0.851	-0.035	0.006	3.72E-08	1042540	0	chr10:89769340	chr10:89722731	0	0.87	45853
	chr10:93956552	rs7071943	10	93956552	G	T	0.653	0.044	0.005	2.22E-19	1042540	1	chr10:94419066	chr10:94085474	0	0.96	128922
	chr10:94462882	rs1111875	10	94462882	C	T	0.592	0.092	0.005	5.21E-89	1042540	0	chr10:94419066	chr10:94462882	1	1.00	0
	chr10:101912064	rs2862954	10	101912064	C	T	0.484	-0.029	0.005	1.56E-10	1042540	0	chr10:101976501	chr10:101912194	0	0.99	130
	chr10:114758349	rs7903146	10	114758349	C	T	0.708	-0.280	0.005	2.78e-695	1042540	2	chr10:114871594	chr10:114759445	0	0.16	1096
	chr10:124193181	rs2280141	10	124193181	G	T	0.480	-0.045	0.006	1.09E-13	845270	0	chr10:124195485	chr10:124193181	1	1.00	0
	chr11:2197286	rs4929965	11	2197286	G	A	0.615	-0.062	0.005	2.46E-38	1039830	0	chr11:2291050	chr11:2197286	1	1.00	0
	chr11:2857194	rs2237895	11	2857194	C	A	0.423	0.073	0.005	2.73E-54	1042540	12	chr11:2717680	chr11:2857297	0	0.89	103
	chr11:14518419	rs117316450	11	14518419	G	C	0.019	0.131	0.018	2.07E-13	1041220	0	chr11:14763828	chr11:14518419	1	1.00	0
	chr11:17409572	rs5219	11	17409572	C	T	0.627	-0.069	0.005	3.15E-48	1042540	0	chr11:17470143	chr11:17418477	0	0.93	8905
	chr11:32956492	rs62618693	11	32956492	C	T	0.957	0.085	0.011	6.83E-14	1039830	0	chr11:33091735	chr11:32956492	1	1.00	0
	chr11:43876698	-	11	43876698	C	T	0.695	-0.041	0.005	8.66E-17	1042540	0	chr11:43877934	chr11:43878459	0	0.93	1761
	chr11:45846498	rs11038672	11	45846498	G	C	0.524	-0.029	0.005	1.04E-10	1042540	2	chr11:45912013	chr11:45858584	0	0.85	12086
	chr11:65294799	rs1783541	11	65294799	C	T	0.797	-0.048	0.006	3.89E-17	1042540	1	chr11:65294799	chr11:65326154	0	0.85	31355
	chr11:69453044	rs144245804	11	69453044	G	A	0.973	0.130	0.015	1.13E-17	1041220	2	chr11:68997225	chr11:69463273	0	0.87	10229
	chr11:72460762	rs11602873	11	72460762	T	A	0.156	-0.098	0.006	8.91E-52	1042540	1	chr11:72460398	chr11:72460762	1	1.00	0
	chr11:92708710	rs10830963	11	92708710	G	C	0.278	0.089	0.005	4.57E-68	1042540	1	chr11:93013531	chr11:92708710	1	1.00	0
	chr11:128234144	rs10750397	11	128234144	G	A	0.710	-0.048	0.005	1.01E-20	1042540	0	chr11:128027713	chr11:128234144	1	1.00	0
	chr12:4328521	rs117233107	12	4328521	G	A	0.983	0.325	0.021	4.42E-55	1039830	6	chr12:4399050	chr12:4384844	0	0.41	56323
	chr12:26465585	rs11048458	12	26465585	C	T	0.750	-0.046	0.005	4.66E-18	1042540	0	chr12:26463082	chr12:26463174	0	0.99	2411
	chr12:27962260	rs10771372	12	27962260	C	T	0.805	0.072	0.006	2.20E-35	1042540	0	chr12:27963507	chr12:27963676	0	1.00	1416
	chr12:31367856	rs10771813	12	31367856	C	A	0.544	0.026	0.005	2.60E-08	1042540	0	chr12:31476941	chr12:31382586	0	0.36	14730
	chr12:66170481	rs2583921	12	66170481	C	A	0.092	0.095	0.008	8.98E-33	1042540	1	chr12:66358347	chr12:66216162	0	0.56	45681
	chr12:71523043	rs1705263	12	71523043	C	A	0.569	0.040	0.005	1.22E-17	1042540	0	chr12:71439589	chr12:71520761	0	0.54	2282
	chr12:95928113	rs11108094	12	95928113	C	A	0.932	-0.060	0.009	1.16E-10	1042540	0	chr12:95928560	chr12:95928113	1	1.00	0
	chr12:97848227	rs113036477	12	97848227	C	T	0.938	0.072	0.010	4.09E-13	1042540	2	chr12:97779248	chr12:97849120	0	0.09	893
	chr12:108618630	rs3764002	12	108618630	C	T	0.741	0.040	0.005	2.69E-14	1042540	0	chr12:108613151	chr12:108629780	0	0.93	11150
	chr12:118412373	rs34965774	12	118412373	G	A	0.862	-0.052	0.007	1.38E-14	1042540	2	chr12:118489636	chr12:118406696	0	0.94	5677
	chr12:121432117	rs56348580	12	121432117	G	C	0.696	0.058	0.005	2.33E-30	1042540	3	chr12:121238607	chr12:121432117	1	1.00	0
	chr12:123493123	rs12820906	12	123493123	G	A	0.244	-0.043	0.006	2.21E-15	1042540	0	chr12:123491572	chr12:123736084	0	0.55	242961
	chr12:124458002	rs12823740	12	124458002	C	A	0.661	0.041	0.005	1.48E-17	1042540	2	chr12:124509177	chr12:124428331	0	0.98	29671
	chr12:133070294	rs11614914	12	133070294	C	T	0.675	-0.039	0.005	4.65E-15	1039830	0	chr12:133069698	chr12:133070294	1	1.00	0
	chr13:26776999	rs34584161	13	26776999	G	A	0.239	-0.052	0.005	3.54E-22	1042540	0	chr13:26781607	chr13:26776999	1	1.00	0
	chr13:31036642	rs3742305	13	31036642	G	C	0.271	-0.030	0.005	1.51E-08	1042540	0	chr13:31042452	chr13:31017268	0	0.63	19374
	chr13:33554302	rs576674	13	33554302	G	A	0.185	0.061	0.006	1.25E-23	1042540	1	chr13:33554084	chr13:33557644	0	0.92	3342
	chr13:51094114	rs9316500	13	51094114	G	T	0.292	-0.047	0.005	9.97E-21	1042540	0	chr13:51088809	chr13:51094114	1	1.00	0
	chr13:58656599	rs9563574	13	58656599	C	T	0.177	-0.041	0.006	1.64E-11	1042540	0	chr13:58965435	chr13:58691107	0	0.91	34508
	chr13:80705315	rs11616380	13	80705315	G	T	0.721	0.079	0.005	7.99E-54	1042540	1	chr13:80708732	chr13:80705315	1	1.00	0
	chr13:91963080	rs1475655	13	91963080	T	A	0.253	-0.044	0.005	2.47E-16	1042540	0	chr13:91940169	chr13:91949562	0	0.99	13518
	chr13:109944192	rs9555581	13	109944192	C	T	0.610	0.030	0.005	3.72E-10	1042540	1	chr13:110431626	chr13:109946882	0	0.92	2690
	chr14:33302882	rs17522122	14	33302882	G	T	0.524	-0.034	0.005	1.27E-13	1042540	1	chr14:33302882	chr14:33303540	0	0.96	658
	chr14:38818723	rs8018512	14	38818723	G	A	0.742	0.037	0.005	1.30E-12	1042540	1	chr14:38848419	chr14:38804675	0	1.00	14048
	chr14:79939525	rs10145154	14	79939525	C	T	0.784	-0.055	0.006	1.06E-22	1042540	0	chr14:79940383	chr14:79942647	0	1.00	3122
	chr14:91963722	rs8010382	14	91963722	G	A	0.437	0.032	0.005	5.74E-12	1042540	1	chr14:91963722	chr14:91963722	1	1.00	0
	chr14:103860309	rs12890750	14	103860309	G	T	0.639	0.028	0.005	2.84E-09	1042540	1	chr14:103894071	chr14:103960026	0	0.98	99717
	chr15:38852386	rs12912777	15	38852386	C	T	0.879	-0.059	0.008	1.75E-15	1039830	1	chr15:38834033	chr15:38873115	0	0.89	20729
	chr15:40398754	rs484943	15	40398754	C	T	0.682	-0.033	0.005	7.61E-11	1042540	0	chr15:40636418	chr15:40397191	0	0.56	1563
	chr15:41801512	rs2289739	15	41801512	G	T	0.650	-0.050	0.007	1.57E-14	845270	0	chr15:42201410	chr15:41801512	1	1.00	0
	chr15:53099306	rs75332279	15	53099306	C	T	0.096	0.056	0.008	4.93E-12	1042540	0	chr15:53091553	chr15:53082471	0	0.60	16835
	chr15:57333416	rs2435907	15	57333416	G	A	0.411	-0.029	0.005	1.32E-09	1042540	1	chr15:57456802	chr15:57369850	0	0.30	36434
	chr15:62391608	rs7163757	15	62391608	C	T	0.574	0.041	0.005	1.64E-18	1042540	0	chr15:62386795	chr15:62391608	1	1.00	0
	chr15:63940058	rs34143602	15	63940058	G	A	0.422	0.035	0.005	1.00E-13	1042540	0	chr15:63831869	chr15:63871292	0	0.66	68766
	chr15:68080886	rs4776970	15	68080886	T	A	0.362	-0.029	0.005	6.14E-10	1042540	0	chr15:68080886	chr15:68080886	1	1.00	0
	chr15:75814388	rs6495182	15	75814388	C	T	0.748	0.041	0.005	2.90E-14	1042540	0	chr15:75932129	chr15:75814388	1	1.00	0
	chr15:77782335	rs12910361	15	77782335	G	A	0.698	0.072	0.005	2.97E-44	1042540	0	chr15:77339496	chr15:77782335	1	1.00	0
	chr15:90380214	rs8031576	15	90380214	C	A	0.289	0.057	0.005	1.74E-29	1042540	1	chr15:90430396	chr15:90381278	0	0.99	1064
	chr15:91512067	rs2290203	15	91512067	G	A	0.798	-0.056	0.006	1.79E-22	1042540	3	chr15:91512067	chr15:91512067	1	1.00	0
	chr16:300388	rs55857387	16	300388	C	T	0.195	-0.052	0.006	6.71E-19	1042540	1	chr16:295795	chr16:300388	1	1.00	0
	chr16:3634746	rs12933120	16	3634746	C	A	0.861	-0.042	0.007	3.18E-10	1042540	2	chr16:3583173	chr16:3656482	0	0.58	21736
	chr16:20392415	rs62034975	16	20392415	G	C	0.700	-0.031	0.005	6.60E-10	1042540	0	chr16:20323168	chr16:20370981	0	0.38	21434
	chr16:28917644	rs7188071	16	28917644	C	T	0.637	-0.029	0.005	1.33E-09	1042540	1	chr16:28915217	chr16:28897452	0	0.98	20192
	chr16:29958216	rs8054556	16	29958216	G	A	0.538	-0.036	0.005	3.68E-15	1042540	0	chr16:30419384	chr16:29958216	1	1.00	0
	chr16:53800954	rs1421085	16	53800954	C	T	0.414	0.118	0.005	5.63E-144	1042540	2	chr16:53758720	chr16:53800954	1	1.00	0
	chr16:69568303	rs2032912	16	69568303	G	T	0.584	0.042	0.005	2.12E-19	1042540	1	chr16:69666683	chr16:69666683	0	0.96	98380
	chr16:75234872	rs72802342	16	75234872	C	A	0.921	0.115	0.009	5.58E-38	1042540	0	chr16:75243657	chr16:75246035	0	0.90	11163
	chr16:81534790	rs2925979	16	81534790	C	T	0.692	-0.045	0.005	1.54E-19	1042540	0	chr16:81534790	chr16:81533789	0	0.90	1001
	chr16:89564055	rs12920022	16	89564055	T	A	0.840	-0.039	0.007	2.26E-09	1042540	0	chr16:89564055	chr16:89630630	0	0.64	66575
	chr17:3988451	rs8071043	17	3988451	C	T	0.328	0.054	0.005	5.16E-28	1042540	2	chr17:3860356	chr17:3988451	1	1.00	0
	chr17:7531965	rs858519	17	7531965	C	T	0.556	-0.026	0.005	1.88E-08	1042540	0	chr17:7740170	chr17:7531965	1	1.00	0
	chr17:9787958	rs7219033	17	9787958	G	A	0.686	-0.029	0.005	4.94E-09	1042540	0	chr17:9785187	chr17:9787845	0	0.99	113
	chr17:17715317	rs2297508	17	17715317	G	C	0.632	-0.033	0.005	1.86E-12	1042540	0	chr17:17653411	chr17:17715317	1	1.00	0
	chr17:29637308	rs12602834	17	29637308	G	A	0.391	0.029	0.005	7.10E-10	1042540	0	chr17:29413019	chr17:29628549	0	0.99	8759
	chr17:36100767	rs11657964	17	36100767	G	A	0.596	-0.059	0.005	1.23E-36	1042540	2	chr17:36063685	chr17:36099840	0	0.67	927
	chr17:40696915	rs684214	17	40696915	C	T	0.727	-0.042	0.005	2.57E-16	1042540	1	chr17:40913366	chr17:40706273	0	0.97	9358
	chr17:46124326	rs9900074	17	46124326	G	C	0.925	0.055	0.009	3.24E-10	1042540	0	chr17:45885756	chr17:46178674	0	0.28	54348
	chr17:47060322	rs35895680	17	47060322	C	A	0.686	0.056	0.005	1.42E-28	1042540	1	chr17:46997959	chr17:47060322	1	1.00	0
	chr17:57407019	rs1451506	17	57407019	G	A	0.873	-0.042	0.008	2.78E-08	1042540	0	chr17:56757584	-	-	-	-
	chr17:61563200	rs4325	17	61563200	C	A	0.539	0.035	0.005	6.92E-14	1042540	2	chr17:61965043	chr17:61565025	0	0.94	1825
	chr17:62201374	rs11655898	17	62201374	C	T	0.070	0.059	0.010	5.85E-10	1042540	1	chr17:61965043	chr17:62203059	0	0.99	1685
	chr17:65828371	rs2080090	17	65828371	T	A	0.812	-0.053	0.006	7.84E-19	1042540	0	chr17:65820153	chr17:65825248	0	0.96	3123
	chr18:7070642	rs7240767	18	7070642	C	T	0.379	0.037	0.006	5.03E-09	845270	0	chr18:7070642	chr18:7070642	1	1.00	0
	chr18:53050646	rs72926932	18	53050646	C	A	0.078	0.075	0.008	7.58E-20	1042540	0	chr18:53452144	chr18:53050646	1	1.00	0
	chr18:54675384	rs17684074	18	54675384	G	C	0.739	0.031	0.005	4.12E-09	1042540	2	chr18:54675384	chr18:54578482	0	0.24	96902
	chr18:56878274	rs1517037	18	56878274	C	T	0.813	0.038	0.006	3.22E-10	1042540	1	chr18:56876228	chr18:56879827	0	0.96	1553
	chr18:57846077	rs663640	18	57846077	C	T	0.782	-0.050	0.006	1.15E-19	1042540	2	chr18:58056566	chr18:57829135	0	0.90	16942
	chr18:60845884	rs12454712	18	60845884	C	T	0.383	-0.041	0.005	8.30E-18	1039830	1	chr18:60668270	chr18:60845884	1	1.00	0
	chr19:4949921	rs12977104	19	4949921	G	A	0.801	-0.041	0.006	1.46E-12	1042540	0	chr19:5224998	chr19:4967739	0	0.73	17818
	chr19:7235146	rs17175860	19	7235146	G	A	0.192	0.045	0.006	2.55E-14	1042540	0	chr19:7240848	chr19:7240848	0	0.98	5702
	chr19:7968168	rs2115107	19	7968168	G	A	0.608	-0.038	0.005	8.45E-16	1039830	1	chr19:7970635	chr19:7968168	1	1.00	0
	chr19:12496934	rs11666603	19	12496934	C	T	0.744	0.033	0.006	1.71E-09	1042540	0	chr19:12938471	chr19:12505873	0	0.98	8939
	chr19:13038415	rs3111316	19	13038415	G	A	0.412	-0.044	0.005	3.43E-21	1039830	1	chr19:12938471	chr19:13010643	0	0.84	27772
	chr19:19379549	rs58542926	19	19379549	C	T	0.925	-0.089	0.009	4.67E-25	1042540	0	chr19:19396616	chr19:19379549	1	1.00	0
	chr19:33890838	rs10406327	19	33890838	G	C	0.475	-0.037	0.005	8.75E-16	1042540	0	chr19:33890838	chr19:33896432	0	0.34	5594
	chr19:45411941	rs429358	19	45411941	C	T	0.145	-0.073	0.007	3.98E-28	1039830	0	chr19:44938870	chr19:45411941	1	1.00	0
	chr19:46157237	rs10407429	19	46157237	G	A	0.579	0.054	0.005	4.79E-31	1042540	0	chr19:46415696	chr19:46155049	0	0.47	2188
	chr19:47580185	rs11667244	19	47580185	G	A	0.702	0.035	0.005	2.17E-12	1041220	0	chr19:47569003	chr19:47597102	0	0.98	16917
	chr20:32596704	rs2268078	20	32596704	G	A	0.345	-0.039	0.005	2.14E-15	1042540	0	chr20:32675727	chr20:32675727	0	0.96	79023
	chr20:42994812	rs12625671	20	42994812	C	T	0.114	0.065	0.007	6.74E-19	1042540	0	chr20:43233649	chr20:42994812	1	1.00	0
	chr20:45594711	rs6066138	20	45594711	G	A	0.725	0.045	0.005	1.58E-18	1042540	0	chr20:45317678	chr20:45594711	1	1.00	0
	chr20:48833957	rs867489	20	48833957	C	T	0.539	0.031	0.005	1.51E-11	1042540	0	chr20:48832135	chr20:48830772	0	0.98	3185
	chr20:50999627	rs2426439	20	50999627	C	T	0.632	0.037	0.005	2.08E-14	1042540	1	chr20:51223594	chr20:51033681	0	0.98	34054
	chr20:51621922	rs2252221	20	51621922	G	A	0.531	0.025	0.005	4.48E-08	1042540	1	chr20:51223594	chr20:51620857	0	1.00	1065
	chr20:57387262	rs911300	20	57387262	G	A	0.542	0.035	0.005	5.19E-14	1042540	1	chr20:57551099	chr20:57396495	0	0.86	9233
	chr20:62470785	rs4809369	20	62470785	G	A	0.555	0.034	0.005	4.27E-13	1039830	2	chr20:62450664	chr20:62450664	0	0.62	20121
	chr22:30588041	rs5753043	22	30588041	C	A	0.898	0.061	0.008	3.76E-14	1042540	0	chr22:30552813	chr22:30451688	0	0.98	136353
	chr22:32348841	rs117001013	22	32348841	C	T	0.919	0.047	0.008	1.44E-08	1042540	1	chr22:32348841	chr22:32203334	0	-	145507
	chr22:41593873	rs5751061	22	41593873	G	T	0.614	0.026	0.005	3.15E-08	1042540	1	chr22:41489920	chr22:41593581	0	1.00	292
	chr22:44324855	rs3747207	22	44324855	G	A	0.779	-0.047	0.006	9.26E-18	1042540	0	chr22:44377442	chr22:44324855	1	1.00	0
	chr22:50435480	rs5771069	22	50435480	G	A	0.505	0.033	0.005	1.78E-12	1042540	0	chr22:50604696	chr22:50356850	0	0.26	78630
